TransactionAmount,TransactionType,Location,Channel,CustomerAge,CustomerOccupation,TransactionDuration,LoginAttempts,AccountBalance,CustomerAge_Group,Target
-1.1119223584377067,0.5438775580354249,1.1926140665297138,-1.2157768674919593,1.4266360181996707,-1.323835538470496,-0.5415676043705149,0.0,0.0029179859764963696,2,1
0.54692641293755,0.5438775580354249,-0.5110905203269652,-1.2157768674919593,1.313889398582493,-1.323835538470496,0.30850152230456834,0.0,2.2165305377634645,2,1
-0.5979838463617608,0.5438775580354249,0.13793979847557922,1.27205691185771,-1.44840278203836,1.317949812752262,-0.8957630738184661,0.0,-1.0185126379462432,0,0
-0.3313496147401851,0.5438775580354249,0.9492276969787597,1.27205691185771,-1.0537896133782383,1.317949812752262,-1.3349654559339257,0.0,0.8878945145532688,0,0
-0.7543640674158856,0.5438775580354249,0.5435837477271694,-1.2157768674919593,-1.5047760918469488,1.317949812752262,0.747703904420028,0.0,-1.1057264175404542,0,0
-1.1440320640495818,-1.8386491320071456,1.436000436080668,-1.2157768674919593,-0.43368320548376094,-1.323835538470496,0.2801658847487322,0.0,2.103324404741595,1,1
-0.3912633022442259,-1.8386491320071456,-0.42996173047664715,0.028140022182875413,1.2575160887739043,0.4373546956780092,2.4336743389922764,0.0,-0.5899856953773224,2,1
-0.6898698227632178,-1.8386491320071456,-0.8356056797282374,0.028140022182875413,0.35554313183648284,-0.4432404213962434,-0.47072851048092457,0.0,1.0225744839339677,1,1
2.5610890023318005,0.5438775580354249,0.38132616802653335,-1.2157768674919593,0.5810363710708382,-1.323835538470496,0.010977327968289218,0.0,-1.0442336243431387,1,1
-1.0950201025592734,-1.8386491320071456,-1.728022368081736,1.27205691185771,0.41191644164507163,-0.4432404213962434,-0.853259617484712,0.0,0.6396858437933796,1,1
-0.30606493927976414,0.5438775580354249,0.05681100862526116,1.27205691185771,-1.3356561624211825,1.317949812752262,0.7618717231979459,0.0,-0.9144561819804607,0,0
1.0887147124771477,-1.8386491320071456,0.13793979847557922,0.028140022182875413,-1.1665362329954159,1.317949812752262,-0.11653304103297325,0.0,-0.8911058170032452,0,0
2.4044339478487577,0.5438775580354249,0.05681100862526116,-1.2157768674919593,-1.0537896133782383,1.317949812752262,0.05348078430204337,0.0,-1.2572797840886598,0,0
-0.4115551704126433,0.5438775580354249,-0.024317781225056893,1.27205691185771,-1.5047760918469488,1.317949812752262,0.20932679085914196,0.0,-1.2290576128893587,0,0
0.9555579161665617,0.5438775580354249,-0.9167344695785554,-1.2157768674919593,-0.4900565152923498,-0.4432404213962434,0.13848769696955168,0.0,-0.41864045604774947,1,1
1.3694112545450081,-1.8386491320071456,-1.5657647883811,0.028140022182875413,-1.44840278203836,1.317949812752262,0.5493544415291752,0.0,-1.0162316188480411,0,0
1.0814316266108308,0.5438775580354249,-1.0789920492791916,1.27205691185771,-0.32093658586658325,-0.4432404213962434,1.6261086686509472,0.0,0.0023445311190360293,1,1
-1.090897601125509,-1.8386491320071456,-1.728022368081736,0.028140022182875413,0.8065296103051935,0.4373546956780092,-0.18737213492256352,0.0,0.7289937576438523,2,1
-0.849044183678005,-1.8386491320071456,-1.0789920492791916,1.27205691185771,-1.5047760918469488,1.317949812752262,0.7052004480862738,0.0,0.37576092584621595,0,0
-0.9047437586053091,0.5438775580354249,-0.10544657107537495,0.028140022182875413,1.4830093280082597,0.4373546956780092,-1.150783811820991,0.0,0.1664243022098919,2,1
-0.7835880220241258,0.5438775580354249,-0.186575360925693,0.028140022182875413,-0.3773098956751721,-1.323835538470496,-0.3715537790354982,0.0,1.0356436225381433,1,1
-0.5098081212506919,0.5438775580354249,0.9492276969787597,1.27205691185771,-1.3356561624211825,1.317949812752262,-0.32905032270174406,0.0,-0.811503114602024,0,0
-1.1421540356186448,-1.8386491320071456,-0.5110905203269652,1.27205691185771,1.1447694691567265,0.4373546956780092,2.2211570573235058,0.0,-0.3753420542431616,2,1
-0.9917743444292214,0.5438775580354249,0.30019737817621533,0.028140022182875413,-0.43368320548376094,-0.4432404213962434,-0.34321814147966206,0.0,-0.6180747431275699,1,1
-0.5926704000693537,0.5438775580354249,-0.186575360925693,1.27205691185771,-0.03907003682363907,-1.323835538470496,1.1018993738679792,0.0,-0.8521825685531208,1,1
-0.9191725136234838,0.5438775580354249,-0.8356056797282374,0.028140022182875413,-0.9974163035696494,1.317949812752262,2.320331788768932,0.0,-0.9598000767810791,0,0
-1.0467868357842314,-1.8386491320071456,0.21906858832589726,1.27205691185771,0.8065296103051935,-1.323835538470496,-1.405804549823516,0.0,0.827837918565932,2,1
-0.9056598700350343,0.5438775580354249,-1.4846359985307818,-1.2157768674919593,-0.8846696839524717,-1.323835538470496,1.9519685005430625,0.0,1.2090753159249938,0,1
2.844396461974378,0.5438775580354249,-0.10544657107537495,1.27205691185771,-1.2792828526125937,1.317949812752262,0.4360118913058308,0.0,-1.203695035778376,0,0
-0.007229390903340811,-1.8386491320071456,1.273742856380032,0.028140022182875413,0.01730327298494977,-1.323835538470496,-0.9807699864859745,0.0,2.487119308362277,1,1
-0.6049920987991603,0.5438775580354249,1.436000436080668,0.028140022182875413,0.24279651221930512,-0.4432404213962434,-1.0516090803755647,0.0,0.16996487394144424,1,1
-0.8185834786396358,0.5438775580354249,0.30019737817621533,0.028140022182875413,-1.0537896133782383,1.317949812752262,0.36517279741624054,0.0,-1.0752795487021665,0,0
0.36090998713180866,0.5438775580354249,0.5435837477271694,1.27205691185771,0.5810363710708382,0.4373546956780092,1.3710879306484223,0.0,-1.0448710808587978,1,1
0.3281131979476397,0.5438775580354249,1.111485276679396,-1.2157768674919593,1.032022849539549,0.4373546956780092,-0.0031904908096288334,0.0,-0.19895604431385877,2,1
-1.0206318544655713,0.5438775580354249,0.7058413274278056,1.27205691185771,-0.3773098956751721,-1.323835538470496,-1.419972368601434,0.0,2.3331594794658,1,1
-0.07062430184033808,-1.8386491320071456,-1.3223784188301457,1.27205691185771,0.6937829906880159,-1.323835538470496,-0.04569394714338299,0.0,2.1136440321095544,2,1
-0.9230659871998169,0.5438775580354249,1.517129225930986,-1.2157768674919593,-1.44840278203836,1.317949812752262,-0.03152612836546494,0.0,-1.2439418385200496,0,0
0.21744693723681205,0.5438775580354249,-0.024317781225056893,0.028140022182875413,-0.9974163035696494,1.317949812752262,-1.2216229057105814,0.0,-1.0834717609516007,0,0
-0.42300656328421066,0.5438775580354249,-1.4846359985307818,0.028140022182875413,-1.0537896133782383,1.317949812752262,-0.6265745170380231,0.0,-0.9194585515852715,0,0
1.1607210708535638,0.5438775580354249,0.5435837477271694,1.27205691185771,-1.44840278203836,1.317949812752262,-0.20153995370048156,0.0,-1.1057212974077986,0,0
1.6950888678123859,0.5438775580354249,-0.9167344695785554,1.27205691185771,-1.0537896133782383,1.317949812752262,0.26599806597081416,0.0,-1.2378693611901563,0,0
0.7718317689351339,-1.8386491320071456,-0.26770415077601106,1.27205691185771,1.3702627083910819,0.4373546956780092,0.02514514674620727,0.0,-0.30548552435243914,2,1
-0.7851454114546589,0.5438775580354249,1.5982580157813042,0.028140022182875413,1.2575160887739043,-1.323835538470496,0.36517279741624054,0.0,2.5099115788799993,2,1
-0.4000579719695896,0.5438775580354249,1.1926140665297138,0.028140022182875413,-0.9410429937610605,1.317949812752262,0.32266934108248635,0.0,-1.0706023075210052,0,0
-0.6971987142010211,0.5438775580354249,0.6247125375774875,-1.2157768674919593,0.97564953973096,0.4373546956780092,-0.4140572353692524,0.0,-0.1595003020675212,2,1
0.2753451795954569,0.5438775580354249,0.13793979847557922,0.028140022182875413,-1.110162923186827,1.317949812752262,-0.5132319668146788,0.0,-0.966881220244184,0,0
-0.8991554788839842,-1.8386491320071456,-1.0789920492791916,0.028140022182875413,0.6937829906880159,0.4373546956780092,-0.9524343489301383,0.0,-0.400876155798117,2,1
0.1636253907404452,-1.8386491320071456,-0.9978632594288736,0.028140022182875413,1.313889398582493,0.4373546956780092,-0.8249239799288759,0.0,-0.11838819690700106,2,1
0.5940145404254351,0.5438775580354249,-0.42996173047664715,0.028140022182875413,0.1864232024107163,-0.4432404213962434,-1.2924619996001716,0.0,0.13563182441733082,1,1
-0.6631193690152365,0.5438775580354249,-0.26770415077601106,0.028140022182875413,-1.2229095428040047,1.317949812752262,-0.9666021677080564,0.0,-1.0676787117744881,0,0
0.4250835927840725,0.5438775580354249,-0.186575360925693,1.27205691185771,0.1864232024107163,-0.4432404213962434,1.5127661184276027,0.0,0.3970171565671698,1,1
1.5782846605223981,-1.8386491320071456,0.7058413274278056,0.028140022182875413,0.6374096808794271,-0.4432404213962434,-0.21570777247839962,0.0,0.859536659838587,2,1
-1.1500325939142833,0.5438775580354249,-1.3223784188301457,1.27205691185771,0.299169822027894,-1.323835538470496,0.06764860307996143,0.0,2.2752098180663647,1,1
-0.2542588379287931,-1.8386491320071456,0.38132616802653335,0.028140022182875413,-0.15181665644081674,-0.4432404213962434,0.9460533673108806,0.0,-0.6440466160246043,1,1
0.19046745563139927,0.5438775580354249,-0.42996173047664715,0.028140022182875413,0.6374096808794271,0.4373546956780092,1.4985982996496847,0.0,-0.5340456860453262,2,1
1.2102826992017073,0.5438775580354249,-1.728022368081736,0.028140022182875413,-1.110162923186827,1.317949812752262,0.12431987819163363,0.0,-0.8062652188950419,0,0
-0.6392546662708899,-1.8386491320071456,-1.5657647883811,1.27205691185771,0.8629029201137823,-0.4432404213962434,-1.4624758249351881,0.0,-0.3673802479632427,2,1
-0.5647290014627291,0.5438775580354249,-1.6468935782314178,-1.2157768674919593,-0.03907003682363907,-0.4432404213962434,1.4277592057600945,0.0,-0.32116849067744974,1,1
-0.5204808194069925,0.5438775580354249,-0.9978632594288736,1.27205691185771,-0.5464298251009386,-0.4432404213962434,0.22349460963706,0.0,0.3261545206095636,1,1
-1.0630020080903708,0.5438775580354249,-1.4035072086804639,-1.2157768674919593,0.97564953973096,0.4373546956780092,-0.9099308925963842,0.0,0.19589578577723155,2,1
-0.10497848045504034,-1.8386491320071456,-0.3488329406263291,1.27205691185771,-1.0537896133782383,1.317949812752262,2.2778283324351776,0.0,0.36783240042856036,0,0
-0.7572040128480344,0.5438775580354249,0.30019737817621533,0.028140022182875413,-0.03907003682363907,-1.323835538470496,-0.7115814297055314,0.0,2.4513244609649054,1,1
-0.6254671892535226,0.5438775580354249,0.21906858832589726,0.028140022182875413,-1.44840278203836,1.317949812752262,-0.598238879482187,0.0,-0.9570608058101745,0,0
-0.3783003255136115,0.5438775580354249,1.436000436080668,1.27205691185771,0.299169822027894,-1.323835538470496,-0.7399170672613675,0.0,1.3894831900555034,1,1
-0.33496825488760035,0.5438775580354249,-0.9167344695785554,-1.2157768674919593,-0.3773098956751721,-0.4432404213962434,-0.2440434100342357,0.0,-1.1643928975117153,1,1
0.01407019983777475,0.5438775580354249,-0.9167344695785554,1.27205691185771,0.24279651221930512,-1.323835538470496,0.7193682668641919,0.0,0.5314820803763208,1,1
-0.46780441219778246,0.5438775580354249,1.1926140665297138,1.27205691185771,-0.6028031349095275,-1.323835538470496,0.5351866227512572,0.0,-0.9157592557413863,1,1
-1.0639639250915824,0.5438775580354249,0.13793979847557922,0.028140022182875413,1.0883961593481377,-1.323835538470496,-0.7115814297055314,0.0,1.2209258629570663,2,1
-1.1324432544635556,-1.8386491320071456,1.1926140665297138,1.27205691185771,0.7501563004966046,-1.323835538470496,0.8468786358654543,0.0,1.9925247340679968,2,1
0.6235133284625928,0.5438775580354249,-0.26770415077601106,1.27205691185771,-1.1665362329954159,1.317949812752262,-0.2723790475900718,0.0,-1.1031740314114902,0,0
2.1074764279032716,-1.8386491320071456,0.30019737817621533,1.27205691185771,0.8629029201137823,0.4373546956780092,-1.2074550869326632,0.0,-0.26542560645270574,2,1
-0.11991109675956421,0.5438775580354249,-0.5110905203269652,0.028140022182875413,-1.3356561624211825,1.317949812752262,0.22349460963706,0.0,-1.1476167828646706,0,0
1.7741950897691734,0.5438775580354249,1.111485276679396,-1.2157768674919593,-0.8846696839524717,-0.4432404213962434,-0.6690779733717773,0.0,-1.0130929775299768,0,0
1.1535754017017057,-1.8386491320071456,0.13793979847557922,0.028140022182875413,0.35554313183648284,-0.4432404213962434,0.11015205941371559,0.0,0.6675624060384073,1,1
2.7565413758637134,-1.8386491320071456,1.273742856380032,0.028140022182875413,-0.9974163035696494,1.317949812752262,0.9318855485329626,0.0,-0.8263514993041234,0,0
-1.0602994793726808,0.5438775580354249,-0.024317781225056893,-1.2157768674919593,0.6937829906880159,-0.4432404213962434,-0.584071060704269,0.0,-1.2543741088064384,2,1
-0.5002805623815476,0.5438775580354249,-1.3223784188301457,0.028140022182875413,1.4830093280082597,0.4373546956780092,0.1951589720812239,0.0,-0.7641828485962294,2,1
-0.649606725426787,0.5438775580354249,1.111485276679396,0.028140022182875413,-0.43368320548376094,-1.323835538470496,0.7902073607537821,0.0,0.6509859765649427,1,1
0.5795857854072602,0.5438775580354249,-0.6733481000276013,0.028140022182875413,-0.8282963741438828,-0.4432404213962434,-1.3491332747118439,0.0,0.9731114424116807,0,1
-0.27794031838719463,0.5438775580354249,1.5982580157813042,0.028140022182875413,-0.9974163035696494,-0.4432404213962434,0.3793406161941586,0.0,1.105448951102307,0,1
-0.5812648127692726,0.5438775580354249,-0.186575360925693,-1.2157768674919593,-0.7155497545267051,-0.4432404213962434,1.6402764874288653,0.0,0.7306706010886584,0,1
0.2293105802517558,0.5438775580354249,-1.1601208391295097,1.27205691185771,0.07367658279353861,-0.4432404213962434,-0.9666021677080564,0.0,1.1052492659287267,1,1
-0.6497899477127319,0.5438775580354249,1.436000436080668,1.27205691185771,0.8065296103051935,0.4373546956780092,-0.5557354231484328,0.0,0.26723715413816396,2,1
2.289141324417818,0.5438775580354249,1.0303564868290778,0.028140022182875413,-0.9974163035696494,1.317949812752262,-1.4483080061572702,0.0,-1.1981524921783682,0,0
1.131039060530461,0.5438775580354249,-0.10544657107537495,1.27205691185771,-1.2792828526125937,1.317949812752262,-1.1932872681547453,0.0,-1.191196791965333,0,0
-0.5213053196937455,0.5438775580354249,1.111485276679396,-1.2157768674919593,1.032022849539549,0.4373546956780092,0.3935084349720766,0.0,0.7374624570567049,2,1
-0.01130608676561875,-1.8386491320071456,-0.9978632594288736,1.27205691185771,0.35554313183648284,-0.4432404213962434,0.776039541975864,0.0,0.9596275730623776,1,1
-0.19732251257136002,-1.8386491320071456,-0.9978632594288736,-1.2157768674919593,1.8776224966683814,0.4373546956780092,2.306163969991014,0.0,-0.4024659569877728,2,1
0.3253190580869772,0.5438775580354249,-0.5922193101772832,1.27205691185771,-0.26456327605799446,-0.4432404213962434,-0.21570777247839962,0.0,-1.1829175374607483,1,1
-1.1650110157902933,0.5438775580354249,1.1926140665297138,1.27205691185771,0.13004989260212746,-1.323835538470496,-0.17320431614464546,0.0,1.8034279948204315,1,1
0.1980711804981199,-1.8386491320071456,-1.5657647883811,1.27205691185771,1.313889398582493,-1.323835538470496,-1.0232734428197285,0.0,2.1622161705497156,2,1
-0.6458964741363991,0.5438775580354249,-0.5922193101772832,0.028140022182875413,-0.32093658586658325,-0.4432404213962434,0.6768648105304377,0.0,0.3533475451450295,1,1
-0.9310819622099141,0.5438775580354249,-0.5110905203269652,-1.2157768674919593,1.3702627083910819,0.4373546956780092,0.02514514674620727,0.0,-0.8830902493304394,2,1
-0.8863299188678286,-1.8386491320071456,-0.8356056797282374,1.27205691185771,0.07367658279353861,-1.323835538470496,0.6485291729746016,0.0,1.555017078820634,1,1
0.3426793696802733,0.5438775580354249,0.8680989071284416,1.27205691185771,-0.20818996624940558,-0.4432404213962434,-0.8249239799288759,0.0,-0.23763608646282813,1,1
-1.153376400632781,0.5438775580354249,1.6793868056316221,-1.2157768674919593,0.6374096808794271,0.4373546956780092,-1.108280355487237,0.0,0.1171353451979051,2,1
-0.19374967799543097,-1.8386491320071456,-0.8356056797282374,1.27205691185771,1.4266360181996707,-1.323835538470496,1.8102903127638819,0.0,1.5490239635469072,2,1
1.566421017507454,0.5438775580354249,0.7058413274278056,0.028140022182875413,0.6937829906880159,-1.323835538470496,0.5493544415291752,0.0,-0.9434591734097858,2,1
2.677068709335035,0.5438775580354249,1.517129225930986,1.27205691185771,-1.0537896133782383,1.317949812752262,-0.5557354231484328,0.0,-1.023302522045834,0,0
-1.001714153441742,0.5438775580354249,0.13793979847557922,1.27205691185771,-1.0537896133782383,1.317949812752262,-0.1590364973667274,0.0,-1.228097588016378,0,0
-0.6051753210851053,0.5438775580354249,0.5435837477271694,0.028140022182875413,-0.6591764447181163,-0.4432404213962434,-0.20153995370048156,0.0,0.3095089693452446,1,1
0.20892710094036585,-1.8386491320071456,1.111485276679396,0.028140022182875413,1.8776224966683814,0.4373546956780092,-1.1224481742651549,0.0,0.008396527918305419,2,1
-0.22352329946150626,0.5438775580354249,-0.024317781225056893,1.27205691185771,0.13004989260212746,-0.4432404213962434,2.1786536009897515,0.0,1.0865351810714254,1,1
-1.1500325939142833,-1.8386491320071456,-0.10544657107537495,0.028140022182875413,-1.2229095428040047,1.317949812752262,1.9094650442093084,0.0,-1.0196339469978843,0,0
0.5702414488240611,0.5438775580354249,-1.728022368081736,-1.2157768674919593,0.6374096808794271,-1.323835538470496,-0.6265745170380231,0.0,1.7240864191846608,2,1
-1.102440605140049,0.5438775580354249,0.30019737817621533,-1.2157768674919593,0.299169822027894,-1.323835538470496,0.06764860307996143,0.0,2.380953357742265,1,1
1.050054810142736,0.5438775580354249,0.5435837477271694,1.27205691185771,-1.5047760918469488,1.317949812752262,-0.7257492484834495,0.0,-0.8581654435615357,0,0
0.36439121056476514,0.5438775580354249,1.111485276679396,0.028140022182875413,-1.3356561624211825,1.317949812752262,-1.4341401873793522,0.0,-1.0497172864176036,0,0
-0.10200111830843278,0.5438775580354249,-1.2412496289798276,1.27205691185771,-1.2229095428040047,1.317949812752262,0.010977327968289218,0.0,-1.2382610513383323,0,0
-1.148979065770099,0.5438775580354249,-1.2412496289798276,1.27205691185771,-0.8282963741438828,-1.323835538470496,1.796122493985964,0.0,0.08754097844682408,0,1
-0.1360346579227312,0.5438775580354249,-1.3223784188301457,-1.2157768674919593,-1.5047760918469488,1.317949812752262,2.4761777953260307,0.0,-1.2183027742456485,0,0
-0.9664438633973144,0.5438775580354249,-0.10544657107537495,-1.2157768674919593,-1.3920294722297712,1.317949812752262,-0.38572159781341625,0.0,-0.8810882774619838,0,0
0.7267590865926447,0.5438775580354249,0.05681100862526116,-1.2157768674919593,1.2011427789653155,-1.323835538470496,0.30850152230456834,0.0,1.2833223595681476,2,1
0.04086645915724236,0.5438775580354249,0.7058413274278056,1.27205691185771,0.5246630612622494,0.4373546956780092,-0.38572159781341625,0.0,-0.16759267173016537,1,1
-0.8585717425471492,0.5438775580354249,1.5982580157813042,1.27205691185771,1.9903691162855592,0.4373546956780092,-0.08819740347713714,0.0,0.34611023763592,2,1
0.3485424828305159,-1.8386491320071456,-1.728022368081736,0.028140022182875413,-0.5464298251009386,-0.4432404213962434,2.4620099765481123,0.0,-0.5920439887049928,1,1
0.05066885145530401,0.5438775580354249,1.111485276679396,1.27205691185771,-1.3920294722297712,1.317949812752262,0.5776900790850114,0.0,-1.1532207680565494,0,0
1.0956313537715743,0.5438775580354249,1.273742856380032,0.028140022182875413,0.9192762299223712,-1.323835538470496,2.065311050766407,0.0,1.9978368716984893,2,1
0.5470180240805224,0.5438775580354249,1.517129225930986,-1.2157768674919593,-0.43368320548376094,-0.4432404213962434,1.7819546752080457,0.0,1.0141928267762652,1,1
-0.79618455418285,-1.8386491320071456,1.436000436080668,1.27205691185771,-0.4900565152923498,-0.4432404213962434,0.7335360856421099,0.0,1.000665436299387,1,1
-0.7492796489809097,-1.8386491320071456,0.4624549578768514,1.27205691185771,-1.3920294722297712,1.317949812752262,-0.6690779733717773,0.0,-1.0108708399573179,0,0
2.5034197878305875,-1.8386491320071456,0.05681100862526116,0.028140022182875413,1.313889398582493,-1.323835538470496,0.13848769696955168,0.0,1.8093417480379919,2,1
-1.0126616850269605,0.5438775580354249,-1.3223784188301457,0.028140022182875413,-1.2229095428040047,1.317949812752262,0.039312965524125325,0.0,-1.1492014639216708,0,0
-1.0457791132115333,0.5438775580354249,1.6793868056316221,1.27205691185771,0.97564953973096,-1.323835538470496,-0.28654686636798987,0.0,0.9138715075829595,2,1
-0.5373372697139398,-1.8386491320071456,-0.024317781225056893,1.27205691185771,0.4682897514536605,-1.323835538470496,0.8185429983096182,0.0,1.2795334614027845,1,1
0.23237955354133594,0.5438775580354249,-0.8356056797282374,0.028140022182875413,-0.6591764447181163,-1.323835538470496,2.348667426324768,0.0,0.052974962886867406,1,1
-0.8986516175976351,-1.8386491320071456,1.517129225930986,0.028140022182875413,0.6374096808794271,0.4373546956780092,-0.9382665301522203,0.0,-1.0377310558701502,2,1
-0.8335619005156458,0.5438775580354249,0.38132616802653335,0.028140022182875413,1.4266360181996707,-1.323835538470496,0.08181642185787948,0.0,0.46610310649317976,2,1
-0.11418540032378051,0.5438775580354249,0.05681100862526116,-1.2157768674919593,-0.6028031349095275,-0.4432404213962434,0.6485291729746016,0.0,-1.2769743743495652,1,0
-0.5983502909336512,0.5438775580354249,-1.4846359985307818,0.028140022182875413,1.708502567242615,0.4373546956780092,2.1078145071001613,0.0,0.1456288834279686,2,1
0.21763015952275722,0.5438775580354249,-0.5110905203269652,0.028140022182875413,-0.771923064335294,-0.4432404213962434,-1.1791194493768271,0.0,-0.2671971723516459,0,0
0.11456762367865043,0.5438775580354249,-0.8356056797282374,-1.2157768674919593,-1.2792828526125937,1.317949812752262,-0.14486867858880936,0.0,-0.8998202827835808,0,0
2.386661386112086,0.5438775580354249,-0.5110905203269652,0.028140022182875413,-0.771923064335294,-0.4432404213962434,-1.4483080061572702,0.0,0.44154439020917285,0,1
-0.6305516076884986,0.5438775580354249,-0.10544657107537495,0.028140022182875413,0.6374096808794271,0.4373546956780092,-0.32905032270174406,0.0,0.10641890754911404,2,1
-0.36483348749664823,0.5438775580354249,-1.2412496289798276,1.27205691185771,1.7648758770512039,0.4373546956780092,-1.0799447179314008,0.0,0.0620785587490513,2,1
0.018513340271942774,0.5438775580354249,-0.9167344695785554,0.028140022182875413,-1.2792828526125937,1.317949812752262,-1.1791194493768271,0.0,-1.074654892518147,0,0
-0.4001953886840484,0.5438775580354249,-1.2412496289798276,1.27205691185771,-1.1665362329954159,1.317949812752262,-1.419972368601434,0.0,-0.8434527423748175,0,0
-0.8410282086679078,0.5438775580354249,0.8680989071284416,0.028140022182875413,-1.0537896133782383,1.317949812752262,-1.4908114624910243,0.0,-1.1041750173457179,0,0
2.453949770625416,0.5438775580354249,-1.4846359985307818,-1.2157768674919593,-1.44840278203836,1.317949812752262,0.6343613541966835,0.0,-1.108621852557364,0,0
-0.09059553100835159,0.5438775580354249,0.7869701172781236,1.27205691185771,1.4830093280082597,0.4373546956780092,-1.0374412615976467,0.0,-1.00304471719278,2,1
-1.0199447708932772,-1.8386491320071456,0.7058413274278056,1.27205691185771,0.5246630612622494,-0.4432404213962434,-0.9240987113743022,0.0,-1.1198400632064327,1,1
2.214295020609253,0.5438775580354249,0.7058413274278056,1.27205691185771,-0.20818996624940558,-1.323835538470496,0.05348078430204337,0.0,2.3971150564706023,1,1
0.9010034805264147,0.5438775580354249,-1.728022368081736,-1.2157768674919593,0.7501563004966046,-1.323835538470496,-0.5273997855925968,0.0,1.7780910183727279,2,1
0.1998575977860846,0.5438775580354249,-0.3488329406263291,0.028140022182875413,1.5957559476254373,0.4373546956780092,-0.2723790475900718,0.0,0.7129344615686334,2,1
-0.6683412041646711,-1.8386491320071456,1.5982580157813042,0.028140022182875413,-1.44840278203836,1.317949812752262,1.1585706489796515,0.0,-0.8060271327265428,0,0
-0.25260983735528747,0.5438775580354249,-0.186575360925693,-1.2157768674919593,0.8065296103051935,-1.323835538470496,2.547016889215621,0.0,0.5703080463059834,2,1
0.6521418106415113,0.5438775580354249,0.8680989071284416,-1.2157768674919593,0.8065296103051935,-0.4432404213962434,-0.14486867858880936,0.0,-0.48396054840534775,2,1
1.7109375955466353,0.5438775580354249,0.13793979847557922,-1.2157768674919593,0.97564953973096,0.4373546956780092,-0.9524343489301383,0.0,-0.9567382374528531,2,1
-1.1263511134558817,-1.8386491320071456,0.7058413274278056,-1.2157768674919593,0.8629029201137823,-0.4432404213962434,1.7819546752080457,0.0,-0.987884004398671,2,1
-0.18752012027329823,0.5438775580354249,-0.10544657107537495,-1.2157768674919593,-0.3773098956751721,-1.323835538470496,1.6402764874288653,0.0,0.7097702195872893,1,1
0.8613816611907913,-1.8386491320071456,-0.186575360925693,0.028140022182875413,-0.09544334663222791,-1.323835538470496,-0.25821122881215375,0.0,1.338253702766932,1,1
0.10870451052840778,-1.8386491320071456,1.5982580157813042,1.27205691185771,-1.110162923186827,1.317949812752262,-1.3491332747118439,0.0,-1.230770297262756,0,0
-1.1613465700713919,-1.8386491320071456,-0.10544657107537495,0.028140022182875413,0.299169822027894,-1.323835538470496,0.1668233345253878,0.0,1.6088885545596479,1,1
-1.0832022651158157,0.5438775580354249,1.517129225930986,0.028140022182875413,0.97564953973096,0.4373546956780092,-0.6265745170380231,0.0,-0.5986284793004755,2,1
1.0822561268975839,0.5438775580354249,-1.1601208391295097,0.028140022182875413,0.4682897514536605,0.4373546956780092,1.6544443062067833,0.0,0.597053059234058,1,1
0.23164666439755577,0.5438775580354249,-0.10544657107537495,-1.2157768674919593,-1.44840278203836,1.317949812752262,-1.4908114624910243,0.0,-1.0352426713993845,0,0
-1.1252517797402113,0.5438775580354249,-1.6468935782314178,1.27205691185771,-0.09544334663222791,-1.323835538470496,0.5918578978629294,0.0,0.21916166856562477,1,1
0.2610080357202545,0.5438775580354249,1.517129225930986,0.028140022182875413,0.8065296103051935,-0.4432404213962434,0.45017971008374885,0.0,0.5531735223730261,2,1
0.14292127242865135,0.5438775580354249,-0.9167344695785554,-1.2157768674919593,1.313889398582493,0.4373546956780092,-0.7965883423730398,0.0,-0.8583369680055083,2,1
2.4905026166714586,0.5438775580354249,0.5435837477271694,-1.2157768674919593,-0.771923064335294,-0.4432404213962434,-0.1590364973667274,0.0,1.1672387119936642,0,1
1.0475813092824777,0.5438775580354249,-0.5110905203269652,-1.2157768674919593,0.07367658279353861,-0.4432404213962434,0.3368371598604044,0.0,0.32530713865501293,1,1
1.2106949493450838,0.5438775580354249,-0.26770415077601106,-1.2157768674919593,0.5246630612622494,-1.323835538470496,1.3427522930925861,0.0,1.1114932677025924,1,1
0.2202868826689608,0.5438775580354249,0.8680989071284416,-1.2157768674919593,1.1447694691567265,-1.323835538470496,0.5493544415291752,0.0,2.158240387542411,2,1
2.003360363914981,0.5438775580354249,0.30019737817621533,-1.2157768674919593,0.9192762299223712,0.4373546956780092,-0.6690779733717773,0.0,-0.9501537468573704,2,1
-0.6411785002733131,0.5438775580354249,-0.024317781225056893,-1.2157768674919593,0.5810363710708382,-0.4432404213962434,0.7335360856421099,0.0,0.41108216097291733,1,1
-0.8334702893726734,0.5438775580354249,-1.6468935782314178,-1.2157768674919593,-1.110162923186827,1.317949812752262,1.1727384677575694,0.0,-1.1981473720457123,0,0
2.9013327873318118,-1.8386491320071456,-0.186575360925693,1.27205691185771,-0.6591764447181163,-0.4432404213962434,0.5918578978629294,0.0,0.010270496470363658,1,1
0.4783554724226041,0.5438775580354249,0.6247125375774875,-1.2157768674919593,1.032022849539549,-1.323835538470496,0.8610464546433724,0.0,0.7282769390720267,2,1
-0.5738443101884968,0.5438775580354249,-1.3223784188301457,0.028140022182875413,-0.03907003682363907,-1.323835538470496,-1.094112536709319,0.0,0.19782351572217646,1,1
1.0474438925680187,-1.8386491320071456,0.30019737817621533,1.27205691185771,1.7648758770512039,0.4373546956780092,-1.1649516305989092,0.0,-0.5187620900674755,2,1
1.3330874363563965,0.5438775580354249,-1.0789920492791916,-1.2157768674919593,1.0883961593481377,0.4373546956780092,0.1668233345253878,0.0,0.27007370762953054,2,1
0.9182263754052521,0.5438775580354249,1.5982580157813042,1.27205691185771,-0.9410429937610605,-0.4432404213962434,-1.4766436437131063,0.0,0.8236957312473122,0,1
1.1423988422590559,0.5438775580354249,-1.2412496289798276,-1.2157768674919593,0.7501563004966046,-0.4432404213962434,-0.7824205235951217,0.0,-1.246937116123749,2,1
1.0523908942885358,0.5438775580354249,-0.42996173047664715,0.028140022182875413,0.6937829906880159,0.4373546956780092,-0.0031904908096288334,0.0,-0.662353650335762,2,1
-0.42671681457459854,0.5438775580354249,1.1926140665297138,0.028140022182875413,-0.20818996624940558,-1.323835538470496,2.4478421577701943,0.0,1.2772780429678616,1,1
1.4878186568370155,0.5438775580354249,-1.4035072086804639,-1.2157768674919593,-1.2792828526125937,1.317949812752262,0.8043751795317001,0.0,-1.1829098572617647,0,0
1.2225585923600277,0.5438775580354249,0.5435837477271694,-1.2157768674919593,-0.09544334663222791,-1.323835538470496,0.5635222603070933,0.0,2.149876650849005,1,1
-0.7574330407054656,0.5438775580354249,-0.6733481000276013,-1.2157768674919593,0.35554313183648284,-1.323835538470496,0.30850152230456834,0.0,2.5196091101302676,1,1
-1.1524144836315693,0.5438775580354249,1.35487164623035,-1.2157768674919593,-0.32093658586658325,-1.323835538470496,-0.9949378052638925,0.0,2.314942047476121,1,1
-0.9289749059215456,-1.8386491320071456,0.30019737817621533,-1.2157768674919593,0.6374096808794271,0.4373546956780092,0.5918578978629294,0.0,0.4186957982322352,2,1
2.198171459446086,0.5438775580354249,0.05681100862526116,0.028140022182875413,0.1864232024107163,-0.4432404213962434,-1.5474827376026965,0.0,-0.4576737873499756,1,1
-1.0250291893282533,-1.8386491320071456,-0.6733481000276013,1.27205691185771,0.4682897514536605,0.4373546956780092,0.7193682668641919,0.0,-0.9113687419889552,1,1
-0.8718553582781674,-1.8386491320071456,-0.024317781225056893,1.27205691185771,-0.7155497545267051,-0.4432404213962434,0.3510049786383225,0.0,0.44018243492270426,0,1
1.519378695591055,0.5438775580354249,0.8680989071284416,0.028140022182875413,-0.7155497545267051,-0.4432404213962434,0.15265551574746974,0.0,-1.1229377434632501,0,0
-0.3817357433750817,0.5438775580354249,0.38132616802653335,-1.2157768674919593,-1.3356561624211825,1.317949812752262,2.306163969991014,0.0,-0.9712640537976313,0,0
-0.8176673672099104,-1.8386491320071456,0.05681100862526116,1.27205691185771,0.6374096808794271,-0.4432404213962434,0.9885568236446348,0.0,0.5515709208517304,2,1
-0.9902169549986882,0.5438775580354249,-0.024317781225056893,0.028140022182875413,0.8065296103051935,0.4373546956780092,0.5210188039733391,0.0,-1.0104509890795341,2,1
-0.7311406426723469,-1.8386491320071456,-1.6468935782314178,0.028140022182875413,1.8212491868597926,0.4373546956780092,-0.9099308925963842,0.0,0.39602129076559783,2,1
-1.02040282660814,0.5438775580354249,0.7058413274278056,0.028140022182875413,-1.2792828526125937,1.317949812752262,-0.5415676043705149,0.0,0.9239172078538281,0,0
1.0774465418915253,0.5438775580354249,-0.5922193101772832,1.27205691185771,-1.2229095428040047,1.317949812752262,-0.6407423358159412,0.0,-1.0862135919888334,0,0
2.680412516053533,-1.8386491320071456,1.5982580157813042,1.27205691185771,0.4682897514536605,-1.323835538470496,0.9318855485329626,0.0,-1.1754191031861883,1,1
-0.8395624303803472,0.5438775580354249,-1.6468935782314178,-1.2157768674919593,0.35554313183648284,-0.4432404213962434,0.5493544415291752,0.0,-0.5859356704465083,1,1
2.3071887195834075,0.5438775580354249,0.7869701172781236,1.27205691185771,0.6937829906880159,-0.4432404213962434,-0.017358309587546885,0.0,0.27625626781152535,2,1
0.5260848779112972,0.5438775580354249,1.273742856380032,0.028140022182875413,1.2575160887739043,0.4373546956780092,0.3368371598604044,0.0,-0.4138326514838627,2,1
-0.1735036153984997,0.5438775580354249,1.436000436080668,-1.2157768674919593,-1.5047760918469488,1.317949812752262,-1.5049792812689424,0.0,-1.112758919743328,0,0
-0.13488951863557444,0.5438775580354249,-1.6468935782314178,1.27205691185771,-1.5047760918469488,1.317949812752262,-0.7682527048172036,0.0,-1.1135576604376478,0,0
-0.08633561286012847,-1.8386491320071456,-0.26770415077601106,0.028140022182875413,-0.32093658586658325,-1.323835538470496,-0.47072851048092457,0.0,0.8727978034173585,1,1
0.38619466259222945,0.5438775580354249,1.35487164623035,1.27205691185771,-1.5047760918469488,1.317949812752262,0.40767625374999467,0.0,-1.174927570451222,0,0
0.8141561169884471,0.5438775580354249,0.05681100862526116,-1.2157768674919593,0.8065296103051935,-1.323835538470496,1.356920111870504,0.0,1.9322121314478653,2,1
0.25670231200054516,-1.8386491320071456,0.8680989071284416,0.028140022182875413,0.5246630612622494,-0.4432404213962434,-1.0657768991534828,0.0,-1.246138375429429,1,1
-0.832233538942544,0.5438775580354249,-1.4035072086804639,-1.2157768674919593,-1.2229095428040047,1.317949812752262,0.492683166417503,0.0,-1.0260469131493946,0,0
-1.0697354270988524,0.5438775580354249,-0.10544657107537495,-1.2157768674919593,0.8065296103051935,-0.4432404213962434,0.5918578978629294,0.0,0.41225723141744536,2,1
-0.959435610959915,-1.8386491320071456,1.436000436080668,1.27205691185771,-1.110162923186827,1.317949812752262,-0.8249239799288759,0.0,-1.1882399153565528,0,0
1.059536563440394,0.5438775580354249,-0.024317781225056893,0.028140022182875413,-0.09544334663222791,-0.4432404213962434,0.6910326293083557,0.0,0.5044042588256129,1,1
-1.1177396660164631,0.5438775580354249,-0.6733481000276013,-1.2157768674919593,-0.03907003682363907,-0.4432404213962434,0.5210188039733391,0.0,1.0097869526258667,1,1
1.278303972858818,0.5438775580354249,-0.186575360925693,1.27205691185771,-0.09544334663222791,-0.4432404213962434,-1.37746891226768,0.0,1.1626049919400785,1,1
0.06358602261443229,-1.8386491320071456,1.6793868056316221,1.27205691185771,-1.0537896133782383,-0.4432404213962434,-0.9382665301522203,0.0,0.29777362529793,0,0
-0.7276594192393904,0.5438775580354249,-0.9167344695785554,0.028140022182875413,1.5393826378168485,0.4373546956780092,-1.4341401873793522,0.0,0.6040522805746684,2,1
-0.27830676295908474,0.5438775580354249,1.273742856380032,1.27205691185771,0.9192762299223712,0.4373546956780092,-0.30071468514590793,0.0,-0.2219556802041454,2,1
-0.02591806406973877,0.5438775580354249,1.35487164623035,-1.2157768674919593,-0.15181665644081674,-0.4432404213962434,1.796122493985964,0.0,0.8200117958013945,1,1
-0.9725360044049881,0.5438775580354249,-0.7544768898779194,1.27205691185771,-0.9410429937610605,1.317949812752262,1.2152419240913237,0.0,-1.225383917708753,0,0
-0.3571381514869549,0.5438775580354249,-1.4846359985307818,1.27205691185771,-0.5464298251009386,-1.323835538470496,0.8610464546433724,0.0,0.03594796173968389,1,1
0.5947474295692154,0.5438775580354249,0.4624549578768514,0.028140022182875413,0.07367658279353861,-1.323835538470496,0.12431987819163363,0.0,0.4511471990053066,1,1
-0.4108680868403493,0.5438775580354249,-0.9167344695785554,1.27205691185771,1.7648758770512039,0.4373546956780092,-1.405804549823516,0.0,-0.3131170820760527,2,1
0.40483753018714147,0.5438775580354249,-0.5922193101772832,0.028140022182875413,1.3702627083910819,0.4373546956780092,1.8952972254313905,0.0,-0.2698903621286474,2,1
-0.8336077060871322,0.5438775580354249,0.9492276969787597,-1.2157768674919593,1.5393826378168485,0.4373546956780092,-0.03152612836546494,0.0,-0.6889348190188481,2,1
1.900435244785333,0.5438775580354249,1.6793868056316221,0.028140022182875413,0.7501563004966046,-0.4432404213962434,-0.9240987113743022,0.0,0.028434167067156072,2,1
-0.008237113476038739,0.5438775580354249,1.436000436080668,-1.2157768674919593,0.01730327298494977,-0.4432404213962434,0.4643475288616669,0.0,0.28597171952608874,1,1
-0.9668103079692044,0.5438775580354249,0.7058413274278056,1.27205691185771,-1.110162923186827,1.317949812752262,-0.14486867858880936,0.0,0.2245966893798587,0,0
0.3337014776689645,-1.8386491320071456,1.111485276679396,1.27205691185771,-1.0537896133782383,1.317949812752262,-0.7540848860392856,0.0,-0.8778856344857208,0,0
-0.9592523886739699,0.5438775580354249,1.1926140665297138,-1.2157768674919593,1.0883961593481377,-1.323835538470496,-1.2924619996001716,0.0,0.8071141816411916,2,1
-1.0116081568827762,0.5438775580354249,0.21906858832589726,0.028140022182875413,1.032022849539549,0.4373546956780092,0.13848769696955168,0.0,-0.15642566240765535,2,1
-0.4839279733609494,-1.8386491320071456,0.4624549578768514,0.028140022182875413,-0.43368320548376094,-1.323835538470496,-0.32905032270174406,0.0,1.741615193332122,1,1
-0.06512763326198563,-1.8386491320071456,1.273742856380032,1.27205691185771,-1.2792828526125937,1.317949812752262,1.6261086686509472,0.0,-1.1821853584909554,0,0
-0.9532976643807549,0.5438775580354249,1.5982580157813042,0.028140022182875413,-1.3356561624211825,1.317949812752262,-1.4483080061572702,0.0,-1.0969197893723126,0,0
-0.9773913949825327,0.5438775580354249,-1.4035072086804639,-1.2157768674919593,-1.110162923186827,1.317949812752262,-0.5557354231484328,0.0,-1.1578544881101354,0,0
0.8563430483273017,0.5438775580354249,-0.186575360925693,-1.2157768674919593,0.4682897514536605,0.4373546956780092,-0.4565606917030065,0.0,-0.5035552960794633,1,1
0.4960822285877905,0.5438775580354249,-0.9978632594288736,1.27205691185771,1.313889398582493,0.4373546956780092,-0.881595255040548,0.0,0.20308445202611006,2,1
2.2928973812796913,0.5438775580354249,-0.10544657107537495,-1.2157768674919593,-1.2792828526125937,1.317949812752262,-1.1649516305989092,0.0,1.1345210643224866,0,0
-1.082377764829063,0.5438775580354249,-0.6733481000276013,0.028140022182875413,0.35554313183648284,-0.4432404213962434,-0.6690779733717773,0.0,0.05791333083347947,1,1
1.0009512375094551,0.5438775580354249,0.7869701172781236,-1.2157768674919593,-0.6028031349095275,-0.4432404213962434,-0.20153995370048156,0.0,-0.7936748126941927,1,1
-1.0173338533185599,0.5438775580354249,1.273742856380032,-1.2157768674919593,0.6374096808794271,0.4373546956780092,-1.3491332747118439,0.0,0.4420615236074183,2,1
-0.2091403500148175,0.5438775580354249,1.6793868056316221,-1.2157768674919593,1.5957559476254373,0.4373546956780092,-0.4140572353692524,0.0,-0.2641071722938124,2,1
-0.20831584972806463,-1.8386491320071456,-0.6733481000276013,0.028140022182875413,0.35554313183648284,-0.4432404213962434,2.362835245102686,0.0,0.7277393251431578,1,1
2.2333501383475407,-1.8386491320071456,-0.5110905203269652,1.27205691185771,-0.32093658586658325,-0.4432404213962434,-0.17320431614464546,0.0,0.9578892880257005,1,1
-0.8950787830217061,0.5438775580354249,0.7869701172781236,1.27205691185771,-1.1665362329954159,1.317949812752262,0.7193682668641919,0.0,-0.8238400742364063,0,0
-0.40949391969576115,0.5438775580354249,0.13793979847557922,0.028140022182875413,-0.43368320548376094,-1.323835538470496,-0.5273997855925968,0.0,1.901079164833687,1,1
0.47922577828084323,0.5438775580354249,0.38132616802653335,1.27205691185771,-1.3356561624211825,1.317949812752262,-0.5132319668146788,0.0,-0.09292321714290026,0,0
0.5588816670954664,0.5438775580354249,1.5982580157813042,0.028140022182875413,1.8776224966683814,0.4373546956780092,0.09598424063579754,0.0,-0.7168907433200423,2,1
-0.07204427455641231,0.5438775580354249,-1.0789920492791916,0.028140022182875413,-0.8282963741438828,-1.323835538470496,-0.9099308925963842,0.0,1.8648132652319729,0,1
-0.5721495040435048,-1.8386491320071456,-0.6733481000276013,0.028140022182875413,-0.771923064335294,-0.4432404213962434,-1.5049792812689424,0.0,-0.1417641625474959,0,0
1.0475813092824777,0.5438775580354249,-0.024317781225056893,1.27205691185771,-1.44840278203836,1.317949812752262,0.40767625374999467,0.0,-0.9133015920665561,0,0
0.2945835196196901,0.5438775580354249,-0.10544657107537495,0.028140022182875413,0.07367658279353861,-1.323835538470496,0.8468786358654543,0.0,0.487497580795843,1,1
2.081687891156502,0.5438775580354249,1.35487164623035,0.028140022182875413,-1.3356561624211825,1.317949812752262,-0.9666021677080564,0.0,-1.0612529452913384,0,0
-1.120442194734153,0.5438775580354249,-0.5110905203269652,-1.2157768674919593,-0.15181665644081674,-0.4432404213962434,0.2801658847487322,0.0,0.7024996312159164,1,1
0.43103831707728757,0.5438775580354249,-1.1601208391295097,-1.2157768674919593,-1.3920294722297712,1.317949812752262,-0.7824205235951217,0.0,-1.2491208527014888,0,0
0.2061787666511898,0.5438775580354249,-1.0789920492791916,1.27205691185771,0.5246630612622494,-0.4432404213962434,-1.3349654559339257,0.0,0.38026664258340465,1,1
-1.0420688619211456,0.5438775580354249,-0.024317781225056893,1.27205691185771,1.1447694691567265,0.4373546956780092,-1.2641263620443355,0.0,-0.2959415970818482,2,1
-0.11510151175350584,0.5438775580354249,0.9492276969787597,0.028140022182875413,-0.9974163035696494,1.317949812752262,0.40767625374999467,0.0,-1.0170713206036084,0,0
-0.35457303948372376,0.5438775580354249,0.5435837477271694,-1.2157768674919593,0.7501563004966046,0.4373546956780092,1.7677868564301278,0.0,-0.6334069803656517,2,1
-1.0083101557357648,0.5438775580354249,-0.3488329406263291,0.028140022182875413,0.1864232024107163,-1.323835538470496,-0.9099308925963842,0.0,0.3478024414786937,1,1
-0.5437958552935038,-1.8386491320071456,-0.10544657107537495,0.028140022182875413,0.4682897514536605,-1.323835538470496,2.291996151213096,0.0,-0.8835101002082228,1,1
-0.10809325931610658,0.5438775580354249,-0.024317781225056893,-1.2157768674919593,-0.6591764447181163,-0.4432404213962434,-0.6690779733717773,0.0,0.4706472242252878,1,1
0.8235920647146188,0.5438775580354249,-0.10544657107537495,0.028140022182875413,-0.771923064335294,-1.323835538470496,-0.11653304103297325,0.0,2.37173967902798,0,1
2.8105919502175114,0.5438775580354249,-0.10544657107537495,0.028140022182875413,-0.8846696839524717,-1.323835538470496,-0.9099308925963842,0.0,1.2837114896499957,0,1
0.4468870448115368,0.5438775580354249,-1.2412496289798276,-1.2157768674919593,1.652129257434026,0.4373546956780092,0.12431987819163363,0.0,0.5780215261520911,2,1
-1.0728044003884325,0.5438775580354249,-0.26770415077601106,1.27205691185771,0.4682897514536605,-0.4432404213962434,-0.1023652222550552,0.0,-0.16967656572111528,1,1
-0.34193070175351337,0.5438775580354249,0.13793979847557922,0.028140022182875413,-1.0537896133782383,1.317949812752262,-0.9382665301522203,0.0,-1.0047522814335217,0,0
-0.5956019566444749,0.5438775580354249,0.7058413274278056,0.028140022182875413,-1.0537896133782383,-0.4432404213962434,2.4195065202143584,0.0,0.08375720041411648,0,0
0.14351674485797283,0.5438775580354249,1.5982580157813042,1.27205691185771,-0.43368320548376094,-0.4432404213962434,-0.9807699864859745,0.0,-0.3706212919344251,1,1
-0.6324296361194358,0.5438775580354249,-1.6468935782314178,0.028140022182875413,0.5810363710708382,-0.4432404213962434,0.05348078430204337,0.0,-0.7669938014243165,1,1
1.8092363519561703,0.5438775580354249,-0.42996173047664715,-1.2157768674919593,-1.3356561624211825,1.317949812752262,0.6626969917525196,0.0,-0.8443206048599918,0,0
-0.8711682747058733,0.5438775580354249,-0.8356056797282374,-1.2157768674919593,-0.43368320548376094,-0.4432404213962434,-1.2216229057105814,0.0,-0.39446830977926256,1,1
-0.7251401128076456,0.5438775580354249,-0.9167344695785554,0.028140022182875413,1.3702627083910819,0.4373546956780092,0.6626969917525196,0.0,-0.3932292376765356,2,1
-0.5399939928601436,0.5438775580354249,1.6793868056316221,1.27205691185771,1.4830093280082597,0.4373546956780092,-1.2641263620443355,0.0,0.42295062846928505,2,1
-1.0212273268948928,0.5438775580354249,0.38132616802653335,0.028140022182875413,-1.0537896133782383,1.317949812752262,0.8185429983096182,0.0,-0.9359760995331933,0,0
-1.0678573986679154,0.5438775580354249,-1.6468935782314178,0.028140022182875413,0.7501563004966046,-1.323835538470496,0.6343613541966835,0.0,1.4561857182301936,2,1
-1.0570930893686419,0.5438775580354249,1.1926140665297138,-1.2157768674919593,1.1447694691567265,-1.323835538470496,2.320331788768932,0.0,1.9950131185387623,2,1
-1.0982722981347985,0.5438775580354249,-0.10544657107537495,0.028140022182875413,-0.9974163035696494,-0.4432404213962434,-1.0657768991534828,0.0,-0.5894967227086841,0,0
2.047745962685176,0.5438775580354249,1.111485276679396,1.27205691185771,0.07367658279353861,-0.4432404213962434,-0.8107561611509578,0.0,-0.3883983925156974,1,1
-1.0548486163658148,0.5438775580354249,-0.5110905203269652,-1.2157768674919593,1.8212491868597926,0.4373546956780092,1.5411017559834388,0.0,-0.5159639375710281,2,1
-0.5012882849542456,0.5438775580354249,1.35487164623035,0.028140022182875413,-0.15181665644081674,-0.4432404213962434,1.9803041380988986,0.0,0.43441716555216503,1,1
-0.2506860033528641,0.5438775580354249,0.05681100862526116,-1.2157768674919593,-0.9974163035696494,1.317949812752262,-1.4341401873793522,0.0,-1.1147404110811598,0,0
0.23627302711766895,0.5438775580354249,0.38132616802653335,0.028140022182875413,1.708502567242615,0.4373546956780092,-1.136615993043073,0.0,0.08371367928654157,2,1
-1.1252517797402113,0.5438775580354249,0.21906858832589726,-1.2157768674919593,0.4682897514536605,-0.4432404213962434,0.3510049786383225,0.0,0.6058366468052484,1,1
0.17090847660676195,0.5438775580354249,-0.5922193101772832,1.27205691185771,-0.3773098956751721,-0.4432404213962434,0.23766242841497806,0.0,0.32291347663838127,1,1
-0.5377037142858301,0.5438775580354249,-1.4035072086804639,1.27205691185771,-0.9974163035696494,1.317949812752262,-1.2499585432664175,0.0,-0.9715584614253452,0,0
0.8052240305486247,0.5438775580354249,-1.1601208391295097,-1.2157768674919593,-0.8846696839524717,-1.323835538470496,0.2518302471928961,0.0,2.1882290045079973,0,1
-0.5744397826178183,0.5438775580354249,-1.3223784188301457,1.27205691185771,-0.09544334663222791,-1.323835538470496,-0.7682527048172036,0.0,-0.9634328109004376,1,1
1.1904030811766666,0.5438775580354249,0.13793979847557922,-1.2157768674919593,-0.15181665644081674,-0.4432404213962434,0.12431987819163363,0.0,-0.7898116726053188,1,1
0.538956243498939,-1.8386491320071456,1.273742856380032,0.028140022182875413,-1.0537896133782383,1.317949812752262,0.8327108170875362,0.0,-0.8779240354806399,0,0
-0.4154944495604625,0.5438775580354249,0.6247125375774875,-1.2157768674919593,1.313889398582493,-1.323835538470496,1.5269339372055208,0.0,1.7208044141522314,2,1
1.6950888678123859,0.5438775580354249,-1.2412496289798276,-1.2157768674919593,-1.2229095428040047,1.317949812752262,0.3793406161941586,0.0,-1.1555376280833425,0,0
0.9619706961746396,0.5438775580354249,-1.5657647883811,0.028140022182875413,0.6374096808794271,0.4373546956780092,0.6485291729746016,0.0,0.08236196426538475,2,1
2.4368642924610375,0.5438775580354249,0.7869701172781236,1.27205691185771,0.7501563004966046,0.4373546956780092,1.583605212317193,0.0,-0.8159141088850786,2,1
1.229612650368913,0.5438775580354249,-1.1601208391295097,-1.2157768674919593,1.3702627083910819,0.4373546956780092,0.20932679085914196,0.0,-0.10424895057774304,2,1
1.7216102937029363,0.5438775580354249,-0.9167344695785554,-1.2157768674919593,1.9903691162855592,0.4373546956780092,-0.6124066982601051,0.0,-0.18869529847144242,2,1
-0.6068701272300973,0.5438775580354249,0.5435837477271694,-1.2157768674919593,1.5393826378168485,0.4373546956780092,-0.4140572353692524,0.0,-0.4559611029765782,2,1
-0.9756049776945682,0.5438775580354249,-0.5922193101772832,-1.2157768674919593,0.97564953973096,0.4373546956780092,0.039312965524125325,0.0,-0.19042590330913547,2,1
0.1235455156899592,0.5438775580354249,1.1926140665297138,0.028140022182875413,-0.9410429937610605,1.317949812752262,-1.2782941808222534,0.0,-0.9168780047266997,0,0
-0.40450111240375775,0.5438775580354249,1.273742856380032,-1.2157768674919593,1.4830093280082597,0.4373546956780092,-0.1023652222550552,0.0,0.2206183463062272,2,1
-0.1751984215434917,-1.8386491320071456,-0.9167344695785554,0.028140022182875413,-0.26456327605799446,-0.4432404213962434,0.05348078430204337,0.0,0.40920563235453106,1,1
-0.5679811970382542,0.5438775580354249,0.5435837477271694,-1.2157768674919593,-1.3356561624211825,1.317949812752262,0.3368371598604044,0.0,-1.0952173452642269,0,0
-0.4556201301824347,-1.8386491320071456,-0.9978632594288736,0.028140022182875413,-0.15181665644081674,-1.323835538470496,2.4053387014364405,0.0,2.26911430013952,1,1
-0.5133351502551345,0.5438775580354249,-1.728022368081736,1.27205691185771,-1.3920294722297712,1.317949812752262,0.5635222603070933,0.0,-1.0838020095079062,0,0
1.769843560477978,0.5438775580354249,-1.6468935782314178,-1.2157768674919593,1.0883961593481377,-1.323835538470496,-0.3715537790354982,0.0,-1.0406546516166673,2,1
-0.22338588274704746,0.5438775580354249,0.5435837477271694,1.27205691185771,-0.7155497545267051,-1.323835538470496,-1.1791194493768271,0.0,0.864812956540488,0,1
0.17709222875740846,0.5438775580354249,0.13793979847557922,-1.2157768674919593,0.8065296103051935,0.4373546956780092,-1.1791194493768271,0.0,0.30204893606560346,2,1
-1.0379921660588676,0.5438775580354249,-1.5657647883811,-1.2157768674919593,-0.03907003682363907,-1.323835538470496,-0.28654686636798987,0.0,-1.1826692110269375,1,1
-0.35086278819333594,0.5438775580354249,0.7869701172781236,0.028140022182875413,0.7501563004966046,-0.4432404213962434,0.3510049786383225,0.0,0.8526091203551589,2,1
-1.113662970154185,-1.8386491320071456,-0.9167344695785554,1.27205691185771,-0.3773098956751721,-0.4432404213962434,0.40767625374999467,0.0,0.8299678937507853,1,1
-0.7342554215334132,0.5438775580354249,0.4624549578768514,0.028140022182875413,0.7501563004966046,0.4373546956780092,-0.34321814147966206,0.0,0.5328542759281012,2,1
-0.7136429143645918,0.5438775580354249,1.111485276679396,-1.2157768674919593,-0.9974163035696494,1.317949812752262,0.5776900790850114,0.0,-0.8717645158955967,0,0
-0.9947975121473153,0.5438775580354249,1.5982580157813042,0.028140022182875413,0.41191644164507163,-0.4432404213962434,0.7052004480862738,0.0,0.8695337188492246,1,1
-0.7213382503742851,0.5438775580354249,1.436000436080668,-1.2157768674919593,-0.26456327605799446,-1.323835538470496,-1.0374412615976467,0.0,-0.980170524552563,1,1
-0.6091604058044108,0.5438775580354249,-0.186575360925693,1.27205691185771,0.6374096808794271,-0.4432404213962434,1.7677868564301278,0.0,-0.29215269891648493,2,1
0.7791148548014509,0.5438775580354249,0.6247125375774875,-1.2157768674919593,-1.44840278203836,1.317949812752262,1.8244581315418,0.0,-1.1839338837929438,0,0
-0.5639045011759763,-1.8386491320071456,1.35487164623035,1.27205691185771,-1.110162923186827,1.317949812752262,0.05348078430204337,0.0,-0.8265409442123915,0,0
-0.15779230437870928,0.5438775580354249,1.5982580157813042,1.27205691185771,0.24279651221930512,-0.4432404213962434,-0.6549101545938593,0.0,-0.5077691652552659,1,1
-0.1873368979873532,-1.8386491320071456,1.5982580157813042,1.27205691185771,-1.2792828526125937,1.317949812752262,0.2943337035266503,0.0,-0.8343568267116175,0,0
-0.5743023659033595,0.5438775580354249,-1.3223784188301457,0.028140022182875413,1.2575160887739043,0.4373546956780092,1.9661363193209807,0.0,0.3946388549485059,2,1
-0.24725058549139386,-1.8386491320071456,0.05681100862526116,0.028140022182875413,0.9192762299223712,-1.323835538470496,0.42184407252791273,0.0,0.6506250072127021,2,1
0.05291332445813127,0.5438775580354249,0.21906858832589726,-1.2157768674919593,-1.0537896133782383,1.317949812752262,0.7335360856421099,0.0,-1.2708353352951454,0,0
0.4442303216653332,0.5438775580354249,0.30019737817621533,-1.2157768674919593,-0.15181665644081674,-1.323835538470496,0.3368371598604044,0.0,-1.125165001168565,1,1
0.4927842274407792,0.5438775580354249,-1.1601208391295097,-1.2157768674919593,0.35554313183648284,-0.4432404213962434,0.3793406161941586,0.0,0.7728630542395725,1,1
-0.28270409782176664,0.5438775580354249,-0.024317781225056893,-1.2157768674919593,0.07367658279353861,-1.323835538470496,0.3510049786383225,0.0,0.2560931854126053,1,1
-0.12014012461699548,0.5438775580354249,0.9492276969787597,0.028140022182875413,1.9903691162855592,0.4373546956780092,1.2010741053134055,0.0,-0.6501011728902019,2,1
2.2098518801750844,-1.8386491320071456,1.517129225930986,0.028140022182875413,0.7501563004966046,-1.323835538470496,-1.0232734428197285,0.0,1.7420811254038084,2,1
0.6115580743046766,-1.8386491320071456,0.6247125375774875,-1.2157768674919593,1.0883961593481377,-1.323835538470496,-0.8249239799288759,0.0,0.5107506632525964,2,1
-0.06783016197967556,0.5438775580354249,-0.9978632594288736,1.27205691185771,0.7501563004966046,-0.4432404213962434,0.06764860307996143,0.0,-0.18383373251466886,2,1
-0.06618116140616992,-1.8386491320071456,1.111485276679396,-1.2157768674919593,-1.5047760918469488,1.317949812752262,2.150317963433915,0.0,-0.9656779890700482,0,0
-0.5579497768827613,0.5438775580354249,1.273742856380032,-1.2157768674919593,-1.2229095428040047,1.317949812752262,0.8610464546433724,0.0,-0.9786652055517294,0,0
-0.2899413781165973,0.5438775580354249,0.5435837477271694,0.028140022182875413,1.9903691162855592,0.4373546956780092,2.0936466883222433,0.0,-0.5558676914247567,2,1
2.374522909668224,-1.8386491320071456,-1.728022368081736,1.27205691185771,0.8065296103051935,-1.323835538470496,-1.150783811820991,0.0,0.2244610058644775,2,1
0.044576710447630216,0.5438775580354249,-0.7544768898779194,-1.2157768674919593,1.5393826378168485,0.4373546956780092,-0.2723790475900718,0.0,0.6595007571716985,2,1
-0.4738049420624838,0.5438775580354249,0.13793979847557922,-1.2157768674919593,0.01730327298494977,-0.4432404213962434,0.3510049786383225,0.0,-0.11343958869507721,1,1
-1.1530099560608906,0.5438775580354249,0.4624549578768514,0.028140022182875413,-0.6028031349095275,-0.4432404213962434,-0.4140572353692524,0.0,-0.4628092804038397,1,1
-0.6308722466889025,0.5438775580354249,-0.8356056797282374,-1.2157768674919593,0.6937829906880159,-0.4432404213962434,0.1668233345253878,0.0,0.7417633684876579,2,1
-0.6280781068282402,0.5438775580354249,1.517129225930986,0.028140022182875413,-0.8282963741438828,-0.4432404213962434,0.05348078430204337,0.0,-0.426371856358153,0,0
-0.6845105708993243,0.5438775580354249,1.5982580157813042,1.27205691185771,0.7501563004966046,-1.323835538470496,-1.2357907244884994,0.0,-1.2177574801177955,2,1
-0.6454842239930225,0.5438775580354249,0.9492276969787597,-1.2157768674919593,0.4682897514536605,0.4373546956780092,-0.881595255040548,0.0,-0.3081403131345214,1,1
0.8300048447226966,0.5438775580354249,0.7058413274278056,-1.2157768674919593,1.2575160887739043,0.4373546956780092,1.8102903127638819,0.0,0.06608506255229013,2,1
1.9259031425316986,0.5438775580354249,-0.5110905203269652,1.27205691185771,-0.9974163035696494,-0.4432404213962434,2.377003063880604,0.0,-1.1451232782612493,0,0
0.17938250733172192,0.5438775580354249,-0.186575360925693,0.028140022182875413,-0.5464298251009386,-1.323835538470496,1.8244581315418,0.0,0.5934254452473554,1,1
0.19353642892097916,-1.8386491320071456,-1.4035072086804639,0.028140022182875413,-0.4900565152923498,-0.4432404213962434,-0.4990641480367607,0.0,0.1317021226039305,1,1
0.9375563265724577,-1.8386491320071456,-0.9167344695785554,0.028140022182875413,-1.1665362329954159,1.317949812752262,-1.0657768991534828,0.0,-0.7950623686439405,0,0
-0.716024804081878,0.5438775580354249,-0.186575360925693,-1.2157768674919593,0.299169822027894,-0.4432404213962434,-0.1307008598108913,0.0,-1.1897708350206657,1,1
-0.785511856026549,0.5438775580354249,1.6793868056316221,-1.2157768674919593,1.2011427789653155,0.4373546956780092,0.6626969917525196,0.0,-0.7493447041594417,2,1
-0.8111171704873739,0.5438775580354249,0.9492276969787597,0.028140022182875413,-0.32093658586658325,-0.4432404213962434,0.7193682668641919,0.0,0.34594895345725923,1,1
2.389455525972748,-1.8386491320071456,0.6247125375774875,1.27205691185771,1.708502567242615,0.4373546956780092,-0.17320431614464546,0.0,0.6689090009269081,2,1
0.5933732624246274,0.5438775580354249,0.7869701172781236,1.27205691185771,-0.15181665644081674,-0.4432404213962434,0.22349460963706,0.0,0.10945514621406051,1,1
-1.1110062470079816,0.5438775580354249,-0.10544657107537495,-1.2157768674919593,-0.6028031349095275,-0.4432404213962434,0.4360118913058308,0.0,0.49055429999141303,1,1
-0.11015451003298879,-1.8386491320071456,-0.42996173047664715,0.028140022182875413,0.5810363710708382,0.4373546956780092,0.36517279741624054,0.0,-0.6245312304066553,1,1
0.17008397632000932,0.5438775580354249,0.7869701172781236,0.028140022182875413,1.313889398582493,0.4373546956780092,0.4785153476395849,0.0,0.581400813704983,2,1
-0.5520408581610324,0.5438775580354249,0.21906858832589726,1.27205691185771,-1.44840278203836,1.317949812752262,-0.08819740347713714,0.0,-1.238043445700457,0,0
-0.026467730927574026,0.5438775580354249,-1.1601208391295097,1.27205691185771,-0.4900565152923498,-1.323835538470496,-1.2074550869326632,0.0,1.2546496166951278,1,1
-0.9466558565152458,-1.8386491320071456,1.0303564868290778,-1.2157768674919593,1.8212491868597926,0.4373546956780092,-1.1932872681547453,0.0,0.6787575760905249,2,1
-1.0784384856812437,0.5438775580354249,-0.5922193101772832,0.028140022182875413,-0.6028031349095275,-0.4432404213962434,1.9661363193209807,0.0,1.1503141134995991,1,1
-0.8407991808104766,0.5438775580354249,-1.4035072086804639,0.028140022182875413,-1.3356561624211825,1.317949812752262,-1.391636731045598,0.0,-0.9655039045597478,0,0
-0.8547698801137887,0.5438775580354249,0.05681100862526116,-1.2157768674919593,-0.3773098956751721,-1.323835538470496,1.9944719568768168,0.0,1.6702175035119748,1,1
1.9808698283152224,0.5438775580354249,-0.7544768898779194,-1.2157768674919593,-1.2792828526125937,1.317949812752262,-0.2723790475900718,0.0,-1.2626175223824316,0,0
2.2361900837796895,0.5438775580354249,-0.6733481000276013,1.27205691185771,-0.9410429937610605,1.317949812752262,1.583605212317193,0.0,-1.264734697235645,0,0
-0.926318182775342,0.5438775580354249,0.30019737817621533,-1.2157768674919593,0.7501563004966046,-0.4432404213962434,0.5776900790850114,0.0,0.5209294869725185,2,1
-0.9288832947785731,0.5438775580354249,-0.024317781225056893,0.028140022182875413,-0.9974163035696494,1.317949812752262,0.3793406161941586,0.0,-1.1857387305541471,0,0
-0.6841899318989205,0.5438775580354249,-1.5657647883811,1.27205691185771,1.2575160887739043,0.4373546956780092,0.3510049786383225,0.0,0.6186881797715483,2,1
-0.17043464210891968,0.5438775580354249,-1.3223784188301457,-1.2157768674919593,0.1864232024107163,-1.323835538470496,-1.0657768991534828,0.0,0.7457007505000423,1,1
-0.7480887041222668,0.5438775580354249,0.7058413274278056,1.27205691185771,0.35554313183648284,-0.4432404213962434,-0.314882503923826,0.0,-0.5912759688066083,1,1
0.08740491978729248,-1.8386491320071456,0.38132616802653335,0.028140022182875413,0.97564953973096,0.4373546956780092,-0.17320431614464546,0.0,-0.8508206132666524,2,1
0.5494457193692949,0.5438775580354249,0.30019737817621533,0.028140022182875413,1.313889398582493,0.4373546956780092,2.065311050766407,0.0,0.6779895561921404,2,1
2.0176517022186973,0.5438775580354249,-1.6468935782314178,1.27205691185771,1.313889398582493,0.4373546956780092,-0.3998894165913343,0.0,-0.7897271904164965,2,1
0.8515334633212434,0.5438775580354249,1.1926140665297138,0.028140022182875413,-1.2229095428040047,1.317949812752262,0.23766242841497806,0.0,-0.8475206877699272,0,0
1.681347196366505,0.5438775580354249,1.35487164623035,-1.2157768674919593,-0.9974163035696494,1.317949812752262,1.8386259503197182,0.0,-1.1237006432289787,0,0
-0.8860092798674247,0.5438775580354249,-0.6733481000276013,-1.2157768674919593,-1.0537896133782383,1.317949812752262,-1.1791194493768271,0.0,-0.9099991065035028,0,0
0.4123038383394034,0.5438775580354249,-0.26770415077601106,-1.2157768674919593,-0.03907003682363907,-1.323835538470496,-0.44239287292508844,0.0,0.5394925279164707,1,1
-1.1421082300471586,0.5438775580354249,-0.9978632594288736,1.27205691185771,1.032022849539549,0.4373546956780092,-1.1791194493768271,0.0,0.35456101658447686,2,1
-0.2307605797563368,0.5438775580354249,1.5982580157813042,-1.2157768674919593,1.1447694691567265,0.4373546956780092,2.2636605136572596,0.0,-0.2858139746884852,2,1
0.761617126493696,0.5438775580354249,-1.0789920492791916,-1.2157768674919593,0.8629029201137823,-0.4432404213962434,-1.0232734428197285,0.0,-1.2001672643784633,2,1
-1.0122952404550702,-1.8386491320071456,-1.1601208391295097,1.27205691185771,0.5246630612622494,0.4373546956780092,0.747703904420028,0.0,-0.07812347370103187,1,1
-0.7706250452935114,-1.8386491320071456,0.9492276969787597,0.028140022182875413,-0.9410429937610605,1.317949812752262,-0.20153995370048156,0.0,-1.2427181268152905,0,0
-1.073583095103699,0.5438775580354249,0.4624549578768514,1.27205691185771,0.5246630612622494,0.4373546956780092,-0.584071060704269,0.0,0.39186630311533804,1,1
0.3575203748418247,0.5438775580354249,-0.6733481000276013,1.27205691185771,-1.3356561624211825,1.317949812752262,1.9944719568768168,0.0,-0.8804405806810129,0,0
0.28597207218027143,-1.8386491320071456,0.6247125375774875,1.27205691185771,0.5246630612622494,0.4373546956780092,-0.853259617484712,0.0,0.10322138470550679,1,1
-0.5154880121149892,0.5438775580354249,0.5435837477271694,-1.2157768674919593,-1.5047760918469488,1.317949812752262,-0.44239287292508844,0.0,-1.2259189715712944,0,0
0.42077786906436315,-1.8386491320071456,-0.5922193101772832,0.028140022182875413,1.3702627083910819,0.4373546956780092,0.42184407252791273,0.0,-0.6797569812331539,2,1
0.5009834247368213,0.5438775580354249,0.5435837477271694,-1.2157768674919593,0.97564953973096,-1.323835538470496,0.8752142734212904,0.0,1.4751558097202897,2,1
-0.7224833896614419,0.5438775580354249,0.7058413274278056,1.27205691185771,0.5810363710708382,0.4373546956780092,-1.5191471000468604,0.0,0.08040095345817648,1,1
1.2940610894500948,0.5438775580354249,0.30019737817621533,-1.2157768674919593,0.5810363710708382,0.4373546956780092,0.11015205941371559,0.0,-0.30243904542218075,1,1
-0.31078291314284995,0.5438775580354249,0.5435837477271694,0.028140022182875413,0.7501563004966046,-0.4432404213962434,-0.38572159781341625,0.0,0.5669338788857476,2,1
2.076374444864095,0.5438775580354249,-0.7544768898779194,-1.2157768674919593,-1.0537896133782383,1.317949812752262,1.5269339372055208,0.0,-1.186637313835257,0,0
0.23746397197631194,0.5438775580354249,0.30019737817621533,1.27205691185771,0.4682897514536605,-1.323835538470496,0.7193682668641919,0.0,1.2522687550101361,1,1
-0.41297514312871764,0.5438775580354249,0.13793979847557922,-1.2157768674919593,0.6937829906880159,0.4373546956780092,0.2801658847487322,0.0,0.010337058194890133,2,1
-0.8714889137062773,0.5438775580354249,0.9492276969787597,0.028140022182875413,-1.2229095428040047,1.317949812752262,-0.5699032419263509,0.0,-0.8869329088886897,0,0
-0.15302852494413716,0.5438775580354249,-0.9978632594288736,0.028140022182875413,1.8212491868597926,0.4373546956780092,0.8327108170875362,0.0,0.7249078917844469,2,1
1.8464762815745075,0.5438775580354249,-0.8356056797282374,1.27205691185771,0.8629029201137823,-0.4432404213962434,-0.0740295846992191,0.0,-0.3003269907016235,2,1
1.7315501027154565,0.5438775580354249,-1.2412496289798276,-1.2157768674919593,-0.9974163035696494,1.317949812752262,-1.0516090803755647,0.0,-1.1551817788637577,0,0
0.13586721441976574,-1.8386491320071456,-1.4035072086804639,0.028140022182875413,-0.8282963741438828,-0.4432404213962434,-0.839091798706794,0.0,0.8748100155511259,0,1
0.3028743280587049,-1.8386491320071456,0.7058413274278056,0.028140022182875413,1.7648758770512039,0.4373546956780092,0.6910326293083557,0.0,-0.6910187130097979,2,1
1.8214206339715178,0.5438775580354249,-1.0789920492791916,0.028140022182875413,-1.44840278203836,1.317949812752262,-0.0740295846992191,0.0,0.42896422427363534,0,0
-0.45287179589325854,0.5438775580354249,0.7058413274278056,0.028140022182875413,0.1864232024107163,-1.323835538470496,0.2943337035266503,0.0,0.10985451656122053,1,1
-0.009473863906167937,0.5438775580354249,-0.9167344695785554,0.028140022182875413,0.6937829906880159,-0.4432404213962434,-0.881595255040548,0.0,0.22888480047917192,2,1
2.469477859359261,0.5438775580354249,0.9492276969787597,1.27205691185771,1.1447694691567265,0.4373546956780092,-0.0031904908096288334,0.0,0.09415106970558625,2,1
-0.4928142542292857,0.5438775580354249,0.6247125375774875,-1.2157768674919593,-0.32093658586658325,-0.4432404213962434,0.32266934108248635,0.0,0.14764109556173602,1,1
-0.8641142166969878,-1.8386491320071456,-0.5922193101772832,1.27205691185771,-0.26456327605799446,-1.323835538470496,0.9885568236446348,0.0,1.2273695499045119,1,1
-1.0043708765879455,0.5438775580354249,-0.7544768898779194,-1.2157768674919593,0.6937829906880159,0.4373546956780092,-1.094112536709319,0.0,0.67553189251731,2,1
0.8771387777820681,0.5438775580354249,-1.6468935782314178,-1.2157768674919593,-1.110162923186827,1.317949812752262,0.5918578978629294,0.0,-1.0697549255664542,0,0
-1.1368405893262374,0.5438775580354249,-0.186575360925693,1.27205691185771,0.1864232024107163,-1.323835538470496,2.1786536009897515,0.0,1.4534874083205365,1,1
1.2961681457384628,0.5438775580354249,1.273742856380032,1.27205691185771,0.07367658279353861,-0.4432404213962434,0.8185429983096182,0.0,-0.780708076743135,1,1
0.488707531578501,0.5438775580354249,-0.26770415077601106,-1.2157768674919593,1.032022849539549,0.4373546956780092,0.32266934108248635,0.0,-1.039873831386643,2,1
-0.8791842497159705,-1.8386491320071456,-0.8356056797282374,0.028140022182875413,0.35554313183648284,0.4373546956780092,-0.6690779733717773,0.0,0.44898394295819016,1,1
0.4642015508333469,0.5438775580354249,-1.4035072086804639,-1.2157768674919593,-1.5047760918469488,1.317949812752262,0.5351866227512572,0.0,-1.1471534108593122,0,0
-0.4105932534114317,0.5438775580354249,1.111485276679396,0.028140022182875413,-0.8282963741438828,-1.323835538470496,-0.4990641480367607,0.0,1.59236588647907,0,1
-0.6180466866727471,0.5438775580354249,-1.2412496289798276,0.028140022182875413,0.8629029201137823,-1.323835538470496,0.1951589720812239,0.0,2.409019364895561,2,1
-0.5463151617252487,0.5438775580354249,-0.024317781225056893,1.27205691185771,0.5246630612622494,-0.4432404213962434,-0.6974136109276134,0.0,0.0007316893324286182,1,1
1.2723950541370892,0.5438775580354249,0.5435837477271694,1.27205691185771,0.5810363710708382,-1.323835538470496,-1.0516090803755647,0.0,2.225393487390821,1,1
0.9485496637291626,0.5438775580354249,0.13793979847557922,1.27205691185771,0.299169822027894,-0.4432404213962434,1.1302350114238153,0.0,-0.6905579010707673,1,1
0.2899571568995769,0.5438775580354249,0.30019737817621533,1.27205691185771,0.8629029201137823,0.4373546956780092,-0.32905032270174406,0.0,-0.5183729599856274,2,1
-0.1919632607074664,0.5438775580354249,-1.728022368081736,1.27205691185771,-0.9410429937610605,1.317949812752262,-0.9524343489301383,0.0,0.7000726883370214,0,0
1.846796920574911,0.5438775580354249,0.38132616802653335,0.028140022182875413,-1.3920294722297712,1.317949812752262,-0.4990641480367607,0.0,-1.1997448534343518,0,0
0.40754005890483125,0.5438775580354249,0.9492276969787597,0.028140022182875413,-0.26456327605799446,-0.4432404213962434,0.22349460963706,0.0,0.26009968921584437,1,1
-0.5189692355479457,0.5438775580354249,0.7058413274278056,-1.2157768674919593,1.4830093280082597,0.4373546956780092,-0.5557354231484328,0.0,0.24750928301499506,2,1
1.3052376488927444,0.5438775580354249,0.13793979847557922,-1.2157768674919593,-1.2792828526125937,1.317949812752262,0.08181642185787948,0.0,-0.9335875576492176,0,0
-0.9906292051420648,0.5438775580354249,-1.0789920492791916,0.028140022182875413,-1.0537896133782383,1.317949812752262,-0.7965883423730398,0.0,-0.9277429262225119,0,0
1.1077240246439497,0.5438775580354249,0.21906858832589726,1.27205691185771,-0.9410429937610605,1.317949812752262,1.7677868564301278,0.0,-0.8655179540554029,0,0
-0.13566821335084098,0.5438775580354249,-0.7544768898779194,-1.2157768674919593,0.4682897514536605,-1.323835538470496,1.4277592057600945,0.0,-1.0926342383393273,1,1
-0.9041940917474738,0.5438775580354249,-1.2412496289798276,1.27205691185771,-0.5464298251009386,-0.4432404213962434,0.8043751795317001,0.0,0.09503429258872834,1,1
-0.12082720818928956,0.5438775580354249,0.13793979847557922,1.27205691185771,-1.44840278203836,1.317949812752262,0.8468786358654543,0.0,-1.2642329242353672,0,0
-0.8783139438577314,-1.8386491320071456,1.436000436080668,1.27205691185771,-0.03907003682363907,-0.4432404213962434,0.5635222603070933,0.0,1.093170872993467,1,1
0.9172644584040403,-1.8386491320071456,0.38132616802653335,1.27205691185771,0.5810363710708382,-0.4432404213962434,-0.7965883423730398,0.0,0.8883450862269878,1,1
1.3520967485231983,-1.8386491320071456,-1.2412496289798276,-1.2157768674919593,-0.03907003682363907,-0.4432404213962434,-0.2723790475900718,0.0,-1.1721857394139896,1,1
0.5509573032283417,0.5438775580354249,-0.5110905203269652,-1.2157768674919593,-0.6028031349095275,-0.4432404213962434,-0.8249239799288759,0.0,-1.0916486128030671,1,1
-0.23946363833872808,-1.8386491320071456,1.1926140665297138,0.028140022182875413,-1.5047760918469488,1.317949812752262,0.8468786358654543,0.0,-1.2124709431505822,0,0
0.7486541497630815,0.5438775580354249,1.6793868056316221,0.028140022182875413,-0.5464298251009386,-1.323835538470496,0.3510049786383225,0.0,0.8848889966842577,1,1
-0.6057707935144268,0.5438775580354249,-1.3223784188301457,0.028140022182875413,-0.9974163035696494,1.317949812752262,0.7335360856421099,0.0,-1.2727425847094669,0,0
-0.8380508465213004,0.5438775580354249,-1.3223784188301457,1.27205691185771,-0.32093658586658325,-1.323835538470496,-1.2074550869326632,0.0,0.35165022116959976,1,1
-0.049965989100030354,0.5438775580354249,-0.5922193101772832,0.028140022182875413,0.5246630612622494,-0.4432404213962434,0.747703904420028,0.0,0.7387885714145821,1,1
1.6745221662150507,0.5438775580354249,-0.42996173047664715,-1.2157768674919593,1.0883961593481377,-1.323835538470496,0.08181642185787948,0.0,0.5686414431264891,2,1
-0.9761546445524035,0.5438775580354249,0.6247125375774875,-1.2157768674919593,-0.6028031349095275,-1.323835538470496,0.36517279741624054,0.0,1.236158257608358,1,1
-1.167163877650148,-1.8386491320071456,-0.8356056797282374,-1.2157768674919593,-0.6591764447181163,-0.4432404213962434,-1.2924619996001716,0.0,-0.5346703422293456,1,1
2.3535439579275126,0.5438775580354249,-0.3488329406263291,1.27205691185771,-0.771923064335294,-1.323835538470496,0.2518302471928961,0.0,0.5370988658998394,0,1
0.015902422697225433,0.5438775580354249,-1.5657647883811,0.028140022182875413,1.032022849539549,-1.323835538470496,-0.08819740347713714,0.0,1.5052084283440734,2,1
0.4546739919642029,-1.8386491320071456,-0.6733481000276013,0.028140022182875413,-1.0537896133782383,1.317949812752262,0.9602211860887987,0.0,-1.0835383226761273,0,0
-1.0524667266485288,-1.8386491320071456,1.5982580157813042,0.028140022182875413,1.9903691162855592,0.4373546956780092,-1.136615993043073,0.0,-0.33985441480514367,2,1
-0.6272994121129736,0.5438775580354249,1.517129225930986,-1.2157768674919593,1.2575160887739043,-1.323835538470496,-0.839091798706794,0.0,0.40883186267065086,2,1
-0.6891369336194376,0.5438775580354249,1.5982580157813042,1.27205691185771,-0.43368320548376094,-1.323835538470496,2.291996151213096,0.0,1.1034341789022115,1,1
-1.121312500592392,0.5438775580354249,-0.6733481000276013,1.27205691185771,-0.43368320548376094,-0.4432404213962434,-0.86742743626263,0.0,0.28480944941320024,1,1
-1.0418856396352005,-1.8386491320071456,-1.4846359985307818,0.028140022182875413,-0.9410429937610605,1.317949812752262,-0.7965883423730398,0.0,-0.8800232898695575,0,0
0.28862879532647523,0.5438775580354249,-0.9167344695785554,-1.2157768674919593,0.8629029201137823,-1.323835538470496,0.40767625374999467,0.0,-1.1236520019687477,2,1
0.42737387135838595,-1.8386491320071456,-0.10544657107537495,1.27205691185771,1.708502567242615,0.4373546956780092,-1.150783811820991,0.0,-0.6905937419993585,2,1
-0.4255258697159556,-1.8386491320071456,1.5982580157813042,0.028140022182875413,0.41191644164507163,0.4373546956780092,-0.6549101545938593,0.0,0.21928455174936617,1,1
-0.39533999810650383,0.5438775580354249,0.5435837477271694,0.028140022182875413,-1.1665362329954159,1.317949812752262,-0.86742743626263,0.0,-1.1007778093285305,0,0
-0.9864150925653278,0.5438775580354249,-1.728022368081736,1.27205691185771,-1.1665362329954159,1.317949812752262,-1.5049792812689424,0.0,-1.068183044841094,0,0
-0.620245354104088,-1.8386491320071456,1.0303564868290778,0.028140022182875413,0.41191644164507163,-0.4432404213962434,1.7536190376522096,0.0,0.5797188501275208,1,1
0.42883964964594656,0.5438775580354249,0.38132616802653335,0.028140022182875413,0.35554313183648284,0.4373546956780092,0.6485291729746016,0.0,0.18907832914590544,1,1
-0.16686180753299065,-1.8386491320071456,-0.7544768898779194,1.27205691185771,-1.0537896133782383,-0.4432404213962434,0.506850985195421,0.0,0.004139137614927539,0,0
-1.0231969664688023,0.5438775580354249,1.436000436080668,-1.2157768674919593,1.5393826378168485,0.4373546956780092,-0.11653304103297325,0.0,-0.3737036117932747,2,1
-0.6964658250572406,0.5438775580354249,-0.9167344695785554,-1.2157768674919593,1.4266360181996707,-1.323835538470496,1.4702626620938486,0.0,-0.9596720734646818,2,1
-0.04840859966949717,0.5438775580354249,-0.5922193101772832,1.27205691185771,-0.8846696839524717,-1.323835538470496,0.30850152230456834,0.0,0.5629708962100837,0,1
-0.9527021919514334,0.5438775580354249,-0.9978632594288736,-1.2157768674919593,-1.44840278203836,1.317949812752262,0.8043751795317001,0.0,-0.9209203494585299,0,0
0.3442825646822928,0.5438775580354249,-1.3223784188301457,-1.2157768674919593,1.3702627083910819,0.4373546956780092,-1.4483080061572702,0.0,0.215639017298368,2,1
-0.6354986094090158,0.5438775580354249,0.05681100862526116,1.27205691185771,0.5246630612622494,-0.4432404213962434,0.6768648105304377,0.0,-1.076546781534501,1,1
-0.7889930794595055,-1.8386491320071456,-0.186575360925693,0.028140022182875413,1.2575160887739043,-1.323835538470496,-1.5474827376026965,0.0,0.14548551971360363,2,1
0.17773350675821617,0.5438775580354249,-0.3488329406263291,1.27205691185771,-1.3356561624211825,1.317949812752262,-0.5273997855925968,0.0,-1.0339728785007223,0,0
1.1794555495914483,0.5438775580354249,0.7058413274278056,0.028140022182875413,-1.110162923186827,1.317949812752262,0.5776900790850114,0.0,-0.8980384766193289,0,0
-0.7431875079732359,0.5438775580354249,1.6793868056316221,1.27205691185771,-0.32093658586658325,-1.323835538470496,-1.2074550869326632,0.0,0.27420309461651104,1,1
-0.8080481971977936,0.5438775580354249,-1.0789920492791916,0.028140022182875413,0.8065296103051935,0.4373546956780092,0.5351866227512572,0.0,0.22704155272304927,2,1
-0.9279671833488478,0.5438775580354249,1.5982580157813042,1.27205691185771,1.313889398582493,-1.323835538470496,-1.1649516305989092,0.0,2.478788852531133,2,1
1.200159667903242,0.5438775580354249,-0.26770415077601106,1.27205691185771,-1.2792828526125937,1.317949812752262,-0.5273997855925968,0.0,-0.8434937034360646,0,0
-1.1276794750289836,0.5438775580354249,-0.024317781225056893,1.27205691185771,0.5246630612622494,-1.323835538470496,0.5918578978629294,0.0,2.0838704607155165,1,1
-0.6862053770443164,0.5438775580354249,0.21906858832589726,0.028140022182875413,-0.9974163035696494,1.317949812752262,-0.6549101545938593,0.0,-0.9453664228241073,0,0
0.4089142260494194,0.5438775580354249,-0.9978632594288736,0.028140022182875413,-0.20818996624940558,-0.4432404213962434,1.328584474314668,0.0,1.139441511804803,1,1
-0.5440706887224215,0.5438775580354249,-1.3223784188301457,0.028140022182875413,-0.03907003682363907,-0.4432404213962434,0.5635222603070933,0.0,-1.0317942620556384,1,1
-0.45264276803582715,0.5438775580354249,0.4624549578768514,-1.2157768674919593,0.24279651221930512,-0.4432404213962434,0.010977327968289218,0.0,1.0940259351470019,1,1
2.625445830270009,-1.8386491320071456,-1.2412496289798276,1.27205691185771,1.2011427789653155,0.4373546956780092,-0.32905032270174406,0.0,-0.21699939179323757,2,1
-0.670356649310067,0.5438775580354249,0.9492276969787597,1.27205691185771,0.6937829906880159,-1.323835538470496,-1.0091056240418106,0.0,1.3781139354930856,2,1
0.33237311609586256,0.5438775580354249,-0.9167344695785554,1.27205691185771,-0.6028031349095275,-1.323835538470496,-0.7257492484834495,0.0,1.1487678334375182,1,1
1.734023603575715,0.5438775580354249,-0.9167344695785554,-1.2157768674919593,0.13004989260212746,-1.323835538470496,-0.18737213492256352,0.0,-0.9888773101339149,1,1
2.350429179066446,0.5438775580354249,1.1926140665297138,0.028140022182875413,-1.2792828526125937,1.317949812752262,-1.3633010934897618,0.0,-0.987131344898254,0,0
-0.3745442686517374,0.5438775580354249,-1.1601208391295097,0.028140022182875413,-1.0537896133782383,1.317949812752262,0.7052004480862738,0.0,-1.039530782498698,0,0
-1.1429785359053977,0.5438775580354249,-0.186575360925693,0.028140022182875413,1.8776224966683814,0.4373546956780092,2.306163969991014,0.0,0.16816002718024073,2,1
-0.9194015414809154,0.5438775580354249,-0.7544768898779194,-1.2157768674919593,-0.8282963741438828,-1.323835538470496,-0.2440434100342357,0.0,0.9571724694538751,0,1
0.7689002123600127,-1.8386491320071456,0.21906858832589726,1.27205691185771,0.6374096808794271,0.4373546956780092,0.8327108170875362,0.0,0.2916115456465588,2,1
-1.0127991017414193,0.5438775580354249,0.21906858832589726,0.028140022182875413,1.1447694691567265,-1.323835538470496,-0.4565606917030065,0.0,1.0169500182114655,2,1
-1.160705292070584,0.5438775580354249,-0.6733481000276013,-1.2157768674919593,1.8776224966683814,0.4373546956780092,-0.1590364973667274,0.0,0.6299089504869453,2,1
-0.5396275482882533,-1.8386491320071456,-0.10544657107537495,1.27205691185771,0.299169822027894,-0.4432404213962434,-0.5415676043705149,0.0,-0.7230246622418063,1,1
-0.008786780333873995,-1.8386491320071456,1.111485276679396,-1.2157768674919593,-0.9410429937610605,-0.4432404213962434,0.7052004480862738,0.0,-0.5912964493372318,0,0
-0.6491944752834103,0.5438775580354249,-1.728022368081736,1.27205691185771,-0.9410429937610605,-0.4432404213962434,0.2801658847487322,0.0,1.2053196986218937,0,1
-0.39268327496030014,0.5438775580354249,1.273742856380032,-1.2157768674919593,0.6937829906880159,0.4373546956780092,0.7335360856421099,0.0,0.3131673041278825,2,1
0.6945119642663108,0.5438775580354249,0.9492276969787597,0.028140022182875413,1.0883961593481377,0.4373546956780092,-1.2924619996001716,0.0,-0.5017786100478672,2,1
0.3908668308838292,-1.8386491320071456,0.4624549578768514,0.028140022182875413,-1.3356561624211825,1.317949812752262,1.8102903127638819,0.0,-1.1876101390398774,0,0
1.4835129331173065,0.5438775580354249,0.7058413274278056,-1.2157768674919593,0.4682897514536605,-0.4432404213962434,-0.34321814147966206,0.0,0.14571592568311886,1,1
2.5866485112211386,-1.8386491320071456,-1.6468935782314178,0.028140022182875413,1.9339958064769704,0.4373546956780092,-1.1791194493768271,0.0,-0.2714929636499429,2,1
-0.015428588199383048,0.5438775580354249,-1.6468935782314178,0.028140022182875413,-1.3920294722297712,1.317949812752262,1.6827799437626194,0.0,-1.2493896596659233,0,0
-1.0719799001016797,0.5438775580354249,0.4624549578768514,1.27205691185771,0.97564953973096,0.4373546956780092,-0.6265745170380231,0.0,-0.37531901364621,2,1
0.044576710447630216,-1.8386491320071456,-1.4035072086804639,1.27205691185771,-0.32093658586658325,-0.4432404213962434,-0.32905032270174406,0.0,0.5324088243870381,1,1
0.539460104785288,-1.8386491320071456,0.13793979847557922,1.27205691185771,1.708502567242615,0.4373546956780092,-1.1649516305989092,0.0,-0.9500667046022201,2,1
0.3779496597247011,-1.8386491320071456,-1.4035072086804639,-1.2157768674919593,1.8776224966683814,0.4373546956780092,-0.6974136109276134,0.0,-0.025117300380864394,2,1
2.53543788229949,0.5438775580354249,-1.0789920492791916,-1.2157768674919593,-1.3920294722297712,1.317949812752262,-0.7399170672613675,0.0,1.059434318923766,0,0
-1.1314355318908575,0.5438775580354249,0.05681100862526116,-1.2157768674919593,-1.1665362329954159,1.317949812752262,-0.47072851048092457,0.0,-1.1352337420363852,0,0
-0.5554762760225027,-1.8386491320071456,-1.4035072086804639,0.028140022182875413,0.35554313183648284,-1.323835538470496,-0.04569394714338299,0.0,1.6002534508354784,1,1
0.38115604972873995,0.5438775580354249,-0.8356056797282374,-1.2157768674919593,-0.09544334663222791,-0.4432404213962434,-1.1649516305989092,0.0,0.5461487003691361,1,1
0.12189651511645343,0.5438775580354249,-1.1601208391295097,0.028140022182875413,-0.9974163035696494,-0.4432404213962434,0.11015205941371559,0.0,-0.781153528284198,0,0
-0.7138719422220232,0.5438775580354249,0.4624549578768514,-1.2157768674919593,1.313889398582493,-1.323835538470496,-0.0740295846992191,0.0,0.9637262392534226,2,1
-0.7601813749946419,0.5438775580354249,-1.728022368081736,0.028140022182875413,-1.5047760918469488,1.317949812752262,0.8043751795317001,0.0,-0.30524743818394,0,0
1.8244896072610977,0.5438775580354249,1.436000436080668,-1.2157768674919593,-1.0537896133782383,-0.4432404213962434,2.051143231988489,0.0,0.12458001807957844,0,0
0.29183518533051406,0.5438775580354249,0.30019737817621533,1.27205691185771,0.299169822027894,-0.4432404213962434,-0.017358309587546885,0.0,-1.193518772124782,1,1
-0.9863234814223554,0.5438775580354249,0.7869701172781236,1.27205691185771,-0.9410429937610605,1.317949812752262,-1.0091056240418106,0.0,-1.149780038911787,0,0
-0.8488151558205738,-1.8386491320071456,-0.3488329406263291,0.028140022182875413,1.313889398582493,0.4373546956780092,-1.136615993043073,0.0,-0.6930309251435652,2,1
0.9632532521762551,-1.8386491320071456,-0.26770415077601106,0.028140022182875413,0.5246630612622494,0.4373546956780092,-1.0516090803755647,0.0,-0.30361667593303693,1,1
-0.09819925587507235,0.5438775580354249,-0.8356056797282374,0.028140022182875413,-0.9410429937610605,1.317949812752262,-0.6974136109276134,0.0,-1.0963360942495404,0,0
-0.4466880437426122,0.5438775580354249,1.436000436080668,0.028140022182875413,-1.5047760918469488,1.317949812752262,-0.2723790475900718,0.0,-1.2279030229754542,0,0
-0.943632688797152,-1.8386491320071456,0.7058413274278056,1.27205691185771,-0.8282963741438828,-1.323835538470496,-1.0091056240418106,0.0,1.1398972036111779,0,1
-0.9158745124764727,-1.8386491320071456,-0.5110905203269652,0.028140022182875413,0.8065296103051935,-0.4432404213962434,-0.8957630738184661,0.0,-0.5289460339200535,2,1
-1.0838435431166236,0.5438775580354249,-0.3488329406263291,-1.2157768674919593,-0.09544334663222791,-0.4432404213962434,0.26599806597081416,0.0,0.10611681972241607,1,1
-0.9456023283710615,0.5438775580354249,1.111485276679396,0.028140022182875413,-0.4900565152923498,-1.323835538470496,-0.4990641480367607,0.0,-0.8765159990002683,1,1
-0.8380508465213004,0.5438775580354249,-0.10544657107537495,0.028140022182875413,0.4682897514536605,0.4373546956780092,0.1668233345253878,0.0,-0.2675939826324778,1,1
-0.628581968114589,0.5438775580354249,1.1926140665297138,-1.2157768674919593,-0.6591764447181163,-1.323835538470496,-0.9382665301522203,0.0,1.2286086220072387,1,1
-0.6424610562749289,0.5438775580354249,0.9492276969787597,0.028140022182875413,-0.09544334663222791,-0.4432404213962434,1.8102903127638819,0.0,-0.6349148594328132,1,1
-0.4607045486174107,-1.8386491320071456,1.5982580157813042,0.028140022182875413,0.07367658279353861,-0.4432404213962434,0.5776900790850114,0.0,0.7048600123702847,1,1
0.7794354938018548,-1.8386491320071456,0.5435837477271694,0.028140022182875413,0.24279651221930512,-0.4432404213962434,0.6201935354187654,0.0,0.8071474625034548,1,1
-0.8669541621291366,0.5438775580354249,-1.3223784188301457,0.028140022182875413,-0.43368320548376094,-0.4432404213962434,-0.17320431614464546,0.0,-0.5976966151571023,1,1
0.3181275833636329,0.5438775580354249,-0.9167344695785554,1.27205691185771,0.6374096808794271,-0.4432404213962434,0.8468786358654543,0.0,0.7860550760274897,2,1
-0.45016926717556865,0.5438775580354249,1.0303564868290778,-1.2157768674919593,-0.6591764447181163,-1.323835538470496,-0.2723790475900718,0.0,0.07690390285419928,1,1
-0.9198595971957779,0.5438775580354249,0.05681100862526116,1.27205691185771,-0.9974163035696494,1.317949812752262,0.32266934108248635,0.0,-0.3975250289748327,0,0
-0.051156933958673455,-1.8386491320071456,0.8680989071284416,0.028140022182875413,-1.1665362329954159,1.317949812752262,-0.17320431614464546,0.0,-1.113260692743606,0,0
-0.652675698716367,-1.8386491320071456,-0.7544768898779194,0.028140022182875413,-0.20818996624940558,-0.4432404213962434,-1.391636731045598,0.0,-1.1857438506868032,1,1
1.1350241452497665,0.5438775580354249,0.8680989071284416,1.27205691185771,0.8629029201137823,-0.4432404213962434,0.6910326293083557,0.0,-0.331439476785178,2,1
2.5802815367845477,0.5438775580354249,-0.26770415077601106,0.028140022182875413,0.13004989260212746,-1.323835538470496,0.8752142734212904,0.0,0.9477770260303051,1,1
-1.138123145327853,0.5438775580354249,-1.1601208391295097,-1.2157768674919593,1.032022849539549,0.4373546956780092,0.22349460963706,0.0,-1.0226113041372882,2,1
-0.2718481773795207,-1.8386491320071456,-0.5922193101772832,1.27205691185771,0.4682897514536605,0.4373546956780092,-1.2641263620443355,0.0,-0.02444400293661399,1,1
1.7457956354476865,0.5438775580354249,0.4624549578768514,0.028140022182875413,0.7501563004966046,0.4373546956780092,-0.4140572353692524,0.0,0.7291627220214968,2,1
-1.1145332760124242,0.5438775580354249,1.436000436080668,-1.2157768674919593,-1.0537896133782383,1.317949812752262,-0.7682527048172036,0.0,-1.239338839262399,0,0
0.8027963352598525,0.5438775580354249,1.273742856380032,-1.2157768674919593,0.24279651221930512,-0.4432404213962434,1.7111155813184555,0.0,-0.7645668585454216,1,1
1.7673700596177193,0.5438775580354249,-0.5922193101772832,0.028140022182875413,0.299169822027894,-1.323835538470496,-0.3573859602575801,0.0,0.8603482008645461,1,1
-0.8171635059235614,-1.8386491320071456,1.35487164623035,1.27205691185771,0.41191644164507163,0.4373546956780092,2.4478421577701943,0.0,0.45313893060845023,1,1
-0.5364669638557007,0.5438775580354249,0.05681100862526116,0.028140022182875413,0.24279651221930512,-0.4432404213962434,1.1585706489796515,0.0,-0.010747648082091136,1,1
1.1137703600801374,0.5438775580354249,1.35487164623035,0.028140022182875413,-0.771923064335294,-0.4432404213962434,2.5045134328818666,0.0,0.9687772501184643,0,1
-1.1303361981751872,0.5438775580354249,-1.728022368081736,1.27205691185771,-1.1665362329954159,1.317949812752262,-0.9949378052638925,0.0,-1.1699508015096907,0,0
-0.6239556053944758,0.5438775580354249,0.9492276969787597,-1.2157768674919593,-1.2229095428040047,1.317949812752262,-0.48489632925884263,0.0,1.0953802102344867,0,0
1.4733440962473543,0.5438775580354249,0.38132616802653335,0.028140022182875413,0.8065296103051935,0.4373546956780092,0.8610464546433724,0.0,0.35183454594521213,2,1
0.11030770553042732,0.5438775580354249,0.7869701172781236,1.27205691185771,-0.20818996624940558,-1.323835538470496,0.6910326293083557,0.0,0.05069906392132161,1,1
-0.9821551744171048,0.5438775580354249,1.0303564868290778,1.27205691185771,-1.3356561624211825,1.317949812752262,-0.2440434100342357,0.0,-1.1802525084133544,0,0
-0.8236220915031254,0.5438775580354249,-0.5922193101772832,-1.2157768674919593,1.2575160887739043,-1.323835538470496,1.9803041380988986,0.0,1.589662456436757,2,1
-1.0729876226743775,0.5438775580354249,1.436000436080668,-1.2157768674919593,0.97564953973096,0.4373546956780092,-1.0516090803755647,0.0,-0.28469522570317185,2,1
1.428775275191214,0.5438775580354249,-1.4846359985307818,-1.2157768674919593,0.35554313183648284,0.4373546956780092,0.506850985195421,0.0,0.6101938796954162,1,1
-0.6911981843363197,0.5438775580354249,0.5435837477271694,0.028140022182875413,0.35554313183648284,-0.4432404213962434,1.2435775616471598,0.0,0.22075146975528062,1,1
0.4274196769298722,-1.8386491320071456,-0.5922193101772832,-1.2157768674919593,-1.3356561624211825,1.317949812752262,1.073563736312143,0.0,-1.2299433958388288,0,0
-0.33515147717354554,0.5438775580354249,1.1926140665297138,1.27205691185771,-1.44840278203836,1.317949812752262,1.6827799437626194,0.0,-1.0728090846956964,0,0
0.0981692290865657,0.5438775580354249,1.517129225930986,0.028140022182875413,-0.8846696839524717,-1.323835538470496,0.05348078430204337,0.0,0.40539369359221633,0,1
0.9777736183374026,0.5438775580354249,-1.5657647883811,-1.2157768674919593,-0.26456327605799446,-1.323835538470496,-0.44239287292508844,0.0,0.876381896276486,1,1
0.02222359156233063,0.5438775580354249,0.7058413274278056,-1.2157768674919593,0.4682897514536605,0.4373546956780092,-0.4990641480367607,0.0,0.006614721754053464,1,1
0.4956241728729279,0.5438775580354249,1.5982580157813042,0.028140022182875413,-1.2792828526125937,1.317949812752262,-0.3573859602575801,0.0,-1.0821200459304439,0,0
-0.20950679458670773,0.5438775580354249,0.21906858832589726,0.028140022182875413,0.6937829906880159,0.4373546956780092,0.23766242841497806,0.0,0.5015062637423756,2,1
-1.0780262355378671,0.5438775580354249,-0.9167344695785554,-1.2157768674919593,0.7501563004966046,-1.323835538470496,1.7111155813184555,0.0,1.7639952931710452,2,1
-0.8852305851521582,0.5438775580354249,-1.0789920492791916,-1.2157768674919593,-1.5047760918469488,1.317949812752262,1.1302350114238153,0.0,0.7642381907807151,0,0
0.2978357151952154,0.5438775580354249,1.111485276679396,-1.2157768674919593,1.032022849539549,-1.323835538470496,0.6768648105304377,0.0,1.9266235066539543,2,1
1.7667287816169115,0.5438775580354249,0.30019737817621533,0.028140022182875413,-0.03907003682363907,-0.4432404213962434,-1.2924619996001716,0.0,-0.5011693142618154,1,1
0.26022934100498785,-1.8386491320071456,-1.2412496289798276,0.028140022182875413,0.5810363710708382,0.4373546956780092,0.7618717231979459,0.0,-0.822921010424673,1,1
-0.7195060275148345,0.5438775580354249,1.0303564868290778,0.028140022182875413,-1.0537896133782383,1.317949812752262,0.1668233345253878,0.0,-1.1991150771176766,0,0
-0.6482325582821988,0.5438775580354249,-0.9167344695785554,0.028140022182875413,0.4682897514536605,0.4373546956780092,-0.08819740347713714,0.0,0.21204212410760073,1,1
-1.0225098828965082,0.5438775580354249,0.30019737817621533,1.27205691185771,-1.2229095428040047,1.317949812752262,-0.6690779733717773,0.0,-1.1831940246241668,0,0
1.1073575800720594,-1.8386491320071456,0.5435837477271694,1.27205691185771,-0.6591764447181163,-1.323835538470496,-1.2357907244884994,0.0,0.19512264574619106,1,1
-0.72385755680603,0.5438775580354249,1.273742856380032,0.028140022182875413,-0.9974163035696494,1.317949812752262,-0.3998894165913343,0.0,-1.1017787952627582,0,0
-1.1678967667939284,0.5438775580354249,1.6793868056316221,-1.2157768674919593,1.1447694691567265,0.4373546956780092,0.3935084349720766,0.0,0.5599192971471694,2,1
-0.8149648384922203,-1.8386491320071456,-0.3488329406263291,1.27205691185771,0.8065296103051935,-0.4432404213962434,-0.34321814147966206,0.0,0.13415978627876063,2,1
-0.2865059602551271,-1.8386491320071456,1.436000436080668,0.028140022182875413,-0.32093658586658325,-0.4432404213962434,-1.5474827376026965,0.0,-0.5407889007531418,1,1
-0.6930762127672568,0.5438775580354249,-1.1601208391295097,1.27205691185771,-1.1665362329954159,1.317949812752262,-0.44239287292508844,0.0,-0.9388152130908878,0,0
2.2009655993067483,0.5438775580354249,0.21906858832589726,1.27205691185771,-0.8282963741438828,-1.323835538470496,-1.2074550869326632,0.0,0.5723663396336538,0,1
-0.08693108528944996,0.5438775580354249,0.7058413274278056,-1.2157768674919593,-1.5047760918469488,1.317949812752262,1.286081017980914,0.0,-1.184077247507309,0,0
0.6997796049872319,0.5438775580354249,-0.26770415077601106,0.028140022182875413,1.1447694691567265,-1.323835538470496,-0.4282250541471704,0.0,1.6889623091652113,2,1
-0.8304929272260658,-1.8386491320071456,-0.5922193101772832,1.27205691185771,-1.3356561624211825,1.317949812752262,0.5351866227512572,0.0,-1.0410412216321874,0,0
-0.8432268760992488,0.5438775580354249,0.7869701172781236,-1.2157768674919593,1.0883961593481377,-1.323835538470496,-1.4766436437131063,0.0,1.7771924350916184,2,1
-0.99731681857906,0.5438775580354249,-1.0789920492791916,1.27205691185771,-1.0537896133782383,1.317949812752262,0.3368371598604044,0.0,-1.1730920028940832,0,0
2.1645043644036774,0.5438775580354249,-0.10544657107537495,-1.2157768674919593,1.313889398582493,-1.323835538470496,-0.4140572353692524,0.0,1.0308972595661272,2,1
-0.5466816062971388,0.5438775580354249,-0.6733481000276013,-1.2157768674919593,-0.6028031349095275,-0.4432404213962434,-0.9807699864859745,0.0,-0.1612232267062302,1,1
1.1353905898216565,0.5438775580354249,-0.8356056797282374,1.27205691185771,-0.8846696839524717,-0.4432404213962434,-0.8249239799288759,0.0,0.28512177750521,0,1
0.5250771553385994,-1.8386491320071456,0.30019737817621533,0.028140022182875413,-1.1665362329954159,1.317949812752262,-0.86742743626263,0.0,-1.0019515688707463,0,0
0.7947803602497553,0.5438775580354249,-1.3223784188301457,1.27205691185771,-0.4900565152923498,-1.323835538470496,1.2152419240913237,0.0,-1.2149849282846277,1,1
-0.1214684861900974,0.5438775580354249,-0.186575360925693,0.028140022182875413,-0.5464298251009386,-0.4432404213962434,-0.8957630738184661,0.0,-1.103222672671721,1,1
-0.6189627981024726,0.5438775580354249,-1.2412496289798276,-1.2157768674919593,0.41191644164507163,0.4373546956780092,0.2943337035266503,0.0,0.19919315120762884,1,1
-0.7235827233771124,0.5438775580354249,-0.8356056797282374,1.27205691185771,-1.3920294722297712,1.317949812752262,0.8468786358654543,0.0,-1.1693389456573111,0,0
-0.6380179158407606,0.5438775580354249,-0.5922193101772832,-1.2157768674919593,-1.1665362329954159,1.317949812752262,-1.1932872681547453,0.0,-1.0759630864117287,0,0
-0.05587490782175924,0.5438775580354249,1.517129225930986,0.028140022182875413,-0.8282963741438828,-1.323835538470496,-0.22987559125631768,0.0,1.03906643121861,0,1
0.29815635419561926,0.5438775580354249,0.38132616802653335,-1.2157768674919593,0.01730327298494977,-0.4432404213962434,-1.5191471000468604,0.0,-0.18127366618672067,1,1
0.4113877269096778,0.5438775580354249,1.6793868056316221,1.27205691185771,-0.8282963741438828,-0.4432404213962434,-0.839091798706794,0.0,0.32158224214784825,0,1
0.6037711271520105,0.5438775580354249,0.5435837477271694,-1.2157768674919593,1.7648758770512039,0.4373546956780092,-1.0799447179314008,0.0,0.7158042959222632,2,1
-1.0426185287789809,0.5438775580354249,1.111485276679396,-1.2157768674919593,-1.1665362329954159,1.317949812752262,0.45017971008374885,0.0,-0.8835766619327494,0,0
-0.96232136196355,0.5438775580354249,-1.1601208391295097,0.028140022182875413,1.2575160887739043,0.4373546956780092,0.4360118913058308,0.0,-0.5786727622741192,2,1
0.4205030356354455,0.5438775580354249,1.35487164623035,1.27205691185771,0.6937829906880159,0.4373546956780092,0.12431987819163363,0.0,-0.4674302001257862,2,1
0.28551401646540886,0.5438775580354249,1.517129225930986,1.27205691185771,1.5957559476254373,0.4373546956780092,-0.5415676043705149,0.0,0.3586008012499793,2,1
-0.8377302075208966,0.5438775580354249,-0.26770415077601106,-1.2157768674919593,-1.0537896133782383,1.317949812752262,-0.6124066982601051,0.0,-1.2126757484568182,0,0
0.608260073157665,0.5438775580354249,0.13793979847557922,1.27205691185771,-0.9974163035696494,-0.4432404213962434,-0.28654686636798987,0.0,1.1898338574041352,0,1
-0.17968736754914608,0.5438775580354249,-1.2412496289798276,-1.2157768674919593,-1.44840278203836,1.317949812752262,-1.0516090803755647,0.0,-0.9462726863042009,0,0
-0.26108386808024736,0.5438775580354249,-0.9978632594288736,-1.2157768674919593,-1.3356561624211825,1.317949812752262,0.4360118913058308,0.0,-1.1249883565919367,0,0
-0.9183480133367311,0.5438775580354249,-1.3223784188301457,-1.2157768674919593,-0.03907003682363907,-1.323835538470496,-0.6265745170380231,0.0,-0.001301003331962381,1,1
-0.03613270651117699,-1.8386491320071456,1.273742856380032,0.028140022182875413,1.1447694691567265,0.4373546956780092,-1.2782941808222534,0.0,-0.5225151473042475,2,1
-0.5233665704106275,0.5438775580354249,1.111485276679396,-1.2157768674919593,-0.6591764447181163,-0.4432404213962434,0.36517279741624054,0.0,0.7023332269045997,1,1
0.3524359564068487,0.5438775580354249,1.1926140665297138,-1.2157768674919593,0.8629029201137823,0.4373546956780092,-0.30071468514590793,0.0,0.4378041333040404,2,1
0.3469850933999826,0.5438775580354249,1.111485276679396,1.27205691185771,0.5810363710708382,0.4373546956780092,0.3368371598604044,0.0,-0.9328220978171611,1,1
-0.09174067029550834,0.5438775580354249,0.5435837477271694,0.028140022182875413,-1.2792828526125937,1.317949812752262,-1.4766436437131063,0.0,-1.09753420529102,0,0
0.7372943680344868,-1.8386491320071456,0.7058413274278056,0.028140022182875413,-0.9974163035696494,1.317949812752262,0.15265551574746974,0.0,-0.917013688242081,0,0
0.28597207218027143,0.5438775580354249,1.111485276679396,-1.2157768674919593,0.299169822027894,-1.323835538470496,0.4360118913058308,0.0,1.3232901150800749,1,1
2.5824343986444025,-1.8386491320071456,-0.5922193101772832,0.028140022182875413,0.9192762299223712,-1.323835538470496,0.5493544415291752,0.0,0.23654707899872096,2,1
0.9982487087917651,-1.8386491320071456,-0.42996173047664715,1.27205691185771,0.6374096808794271,-0.4432404213962434,-0.9807699864859745,0.0,-0.7532283247789391,2,1
1.3094975670409679,-1.8386491320071456,-0.42996173047664715,0.028140022182875413,-0.09544334663222791,-1.323835538470496,-0.38572159781341625,0.0,0.2332189927723883,1,1
-0.8109339482014286,0.5438775580354249,-0.6733481000276013,-1.2157768674919593,1.5957559476254373,0.4373546956780092,-0.6124066982601051,0.0,0.32558106575210327,2,1
-0.9646574461093498,0.5438775580354249,1.1926140665297138,0.028140022182875413,0.6937829906880159,-0.4432404213962434,-0.9524343489301383,0.0,-0.6480172788992521,2,1
0.3250442246580596,0.5438775580354249,1.273742856380032,-1.2157768674919593,0.9192762299223712,-1.323835538470496,-0.9240987113743022,0.0,1.4041114090533993,2,1
0.8655041626245557,0.5438775580354249,-0.186575360925693,-1.2157768674919593,0.41191644164507163,-1.323835538470496,0.5918578978629294,0.0,-1.1220314799831566,1,1
-0.9204550696250996,0.5438775580354249,-0.5922193101772832,1.27205691185771,1.5393826378168485,0.4373546956780092,0.4360118913058308,0.0,-0.3612668095721024,2,1
-0.4508563507478627,0.5438775580354249,1.0303564868290778,0.028140022182875413,-0.9410429937610605,1.317949812752262,-1.4624758249351881,0.0,-0.9187186924164945,0,0
-0.7129558307922979,-1.8386491320071456,-0.9167344695785554,1.27205691185771,1.0883961593481377,-1.323835538470496,-0.6265745170380231,0.0,2.3779529600059104,2,1
-0.8926052821614475,0.5438775580354249,0.7869701172781236,-1.2157768674919593,1.652129257434026,0.4373546956780092,-0.34321814147966206,0.0,0.4899654847359849,2,1
-1.051825448647721,0.5438775580354249,1.35487164623035,-1.2157768674919593,1.9339958064769704,0.4373546956780092,-0.2440434100342357,0.0,-0.4045421707797387,2,1
-0.3806364096594112,0.5438775580354249,-0.5110905203269652,1.27205691185771,1.9903691162855592,0.4373546956780092,-0.7824205235951217,0.0,-0.04797357255678584,2,1
-0.3697804892171653,0.5438775580354249,1.35487164623035,0.028140022182875413,-0.3773098956751721,-0.4432404213962434,-0.20153995370048156,0.0,1.037988643294544,1,1
-0.7715411567232368,0.5438775580354249,-0.6733481000276013,1.27205691185771,0.07367658279353861,-0.4432404213962434,0.776039541975864,0.0,-0.6485369723638255,1,1
1.424927607186367,0.5438775580354249,-1.0789920492791916,1.27205691185771,0.4682897514536605,0.4373546956780092,-1.4908114624910243,0.0,-0.33827229381447177,1,1
-0.5438416608649901,-1.8386491320071456,0.7869701172781236,1.27205691185771,1.313889398582493,0.4373546956780092,-0.21570777247839962,0.0,-0.23633557276823047,2,1
0.91653156926026,-1.8386491320071456,1.5982580157813042,0.028140022182875413,-0.9410429937610605,-0.4432404213962434,1.045228098756307,0.0,0.5591051960548821,0,1
-0.7119023026481136,0.5438775580354249,-1.6468935782314178,1.27205691185771,1.2011427789653155,0.4373546956780092,0.3793406161941586,0.0,0.3660326738000128,2,1
0.20049887578689232,0.5438775580354249,-0.7544768898779194,1.27205691185771,-0.03907003682363907,-1.323835538470496,-0.9666021677080564,0.0,0.715468927233302,1,1
0.04169095944399525,0.5438775580354249,-1.4035072086804639,1.27205691185771,0.5246630612622494,-0.4432404213962434,0.18099115330330584,0.0,0.4302160967080021,1,1
0.4063033084747021,0.5438775580354249,1.1926140665297138,1.27205691185771,-0.8846696839524717,-0.4432404213962434,-0.9807699864859745,0.0,-0.770332127915961,0,0
0.7085284691411092,0.5438775580354249,-0.10544657107537495,-1.2157768674919593,-0.20818996624940558,-1.323835538470496,-0.44239287292508844,0.0,1.5379798374081384,1,1
-0.6670586481630557,0.5438775580354249,0.8680989071284416,0.028140022182875413,-0.5464298251009386,-1.323835538470496,-0.11653304103297325,0.0,1.020838758963619,1,1
0.2726884564492533,0.5438775580354249,-1.1601208391295097,-1.2157768674919593,0.4682897514536605,-0.4432404213962434,-0.47072851048092457,0.0,-0.10985805590227773,1,1
0.01736820098478603,0.5438775580354249,-0.6733481000276013,0.028140022182875413,-0.43368320548376094,-0.4432404213962434,0.32266934108248635,0.0,0.6230991740546029,1,1
-0.753402150414674,0.5438775580354249,-0.9978632594288736,-1.2157768674919593,-0.8846696839524717,-0.4432404213962434,0.3510049786383225,0.0,0.3206042968105721,0,1
0.02391839770732263,0.5438775580354249,0.5435837477271694,0.028140022182875413,1.032022849539549,-1.323835538470496,-0.017358309587546885,0.0,2.1726535609687603,2,1
-0.8810164725754214,0.5438775580354249,-0.9167344695785554,-1.2157768674919593,1.652129257434026,0.4373546956780092,1.569437393539275,0.0,-0.9599152797658369,2,1
-0.3705591839324319,0.5438775580354249,-0.42996173047664715,-1.2157768674919593,0.6937829906880159,0.4373546956780092,-0.4282250541471704,0.0,-0.3514387149391093,2,1
-0.2627786742252394,0.5438775580354249,-0.8356056797282374,1.27205691185771,0.6937829906880159,-1.323835538470496,0.32266934108248635,0.0,0.2474632018210919,2,1
-0.9425333550814815,0.5438775580354249,-0.9978632594288736,0.028140022182875413,1.032022849539549,0.4373546956780092,0.1951589720812239,0.0,-0.2070202532468956,2,1
0.8200192301386898,0.5438775580354249,-0.3488329406263291,-1.2157768674919593,0.6374096808794271,0.4373546956780092,0.20932679085914196,0.0,-0.3325505455715074,2,1
-0.8341573729449674,-1.8386491320071456,-0.3488329406263291,0.028140022182875413,1.0883961593481377,0.4373546956780092,0.6060257166408474,0.0,0.32062477734119565,2,1
-0.3391823674643372,-1.8386491320071456,-0.024317781225056893,1.27205691185771,-1.2229095428040047,1.317949812752262,-1.4908114624910243,0.0,-0.985359778999314,0,0
1.7017764812493814,0.5438775580354249,-1.5657647883811,1.27205691185771,-0.03907003682363907,-1.323835538470496,-0.1590364973667274,0.0,1.7328828070874904,1,1
0.05291332445813127,0.5438775580354249,1.111485276679396,1.27205691185771,-0.8846696839524717,-1.323835538470496,0.8185429983096182,0.0,1.1030348085550516,0,1
1.3893366781415357,-1.8386491320071456,0.05681100862526116,1.27205691185771,0.299169822027894,-0.4432404213962434,-0.38572159781341625,0.0,-1.0964717777649216,1,1
-0.5701798644695951,0.5438775580354249,-1.1601208391295097,0.028140022182875413,-0.9410429937610605,1.317949812752262,0.5776900790850114,0.0,-1.224009162090645,0,0
-1.0630020080903708,-1.8386491320071456,0.38132616802653335,1.27205691185771,-0.26456327605799446,-0.4432404213962434,-1.4483080061572702,0.0,-1.1834116302620423,1,1
-0.8089185030560327,-1.8386491320071456,0.4624549578768514,0.028140022182875413,0.4682897514536605,-1.323835538470496,-0.86742743626263,0.0,0.7454908250611506,1,1
-1.1368405893262374,0.5438775580354249,0.13793979847557922,-1.2157768674919593,1.313889398582493,0.4373546956780092,1.1160671926458974,0.0,-0.2303014964332564,2,1
-0.35695492920100985,0.5438775580354249,0.6247125375774875,-1.2157768674919593,-1.5047760918469488,1.317949812752262,-1.419972368601434,0.0,0.9651649965297293,0,0
-0.6486906139970615,0.5438775580354249,1.273742856380032,0.028140022182875413,-0.9974163035696494,-0.4432404213962434,-0.1590364973667274,0.0,-1.0738484716248435,0,0
-0.43610695672928385,0.5438775580354249,1.35487164623035,1.27205691185771,0.07367658279353861,-1.323835538470496,2.2211570573235058,0.0,1.0715306323233214,1,1
1.3096349837554264,-1.8386491320071456,0.38132616802653335,0.028140022182875413,1.4266360181996707,0.4373546956780092,-0.7965883423730398,0.0,-0.7364624503972064,2,1
0.2777270693127431,-1.8386491320071456,1.0303564868290778,1.27205691185771,1.2575160887739043,-1.323835538470496,-1.4624758249351881,0.0,2.4419110970770395,2,1
0.11062834453083117,0.5438775580354249,-0.5110905203269652,0.028140022182875413,0.01730327298494977,-0.4432404213962434,-1.2782941808222534,0.0,1.1860219186418204,1,1
-1.0656587312365744,0.5438775580354249,1.1926140665297138,-1.2157768674919593,-0.8846696839524717,-0.4432404213962434,-1.2924619996001716,0.0,-0.600236200954427,0,0
0.5293828790583087,0.5438775580354249,1.1926140665297138,-1.2157768674919593,0.5810363710708382,0.4373546956780092,0.3368371598604044,0.0,-0.4779495126673254,1,1
-0.044286098235733005,-1.8386491320071456,-1.2412496289798276,0.028140022182875413,1.1447694691567265,0.4373546956780092,0.42184407252791273,0.0,-0.6372445197912461,2,1
-0.9530228309518373,-1.8386491320071456,-0.26770415077601106,0.028140022182875413,-1.5047760918469488,1.317949812752262,0.23766242841497806,0.0,-1.1645106605628008,0,0
-1.157453096495059,-1.8386491320071456,0.6247125375774875,0.028140022182875413,0.8629029201137823,0.4373546956780092,-0.0031904908096288334,0.0,0.23464238965072737,2,1
-0.8970942281671019,0.5438775580354249,0.5435837477271694,0.028140022182875413,-0.6028031349095275,-0.4432404213962434,-0.86742743626263,0.0,0.5582603741666591,1,1
0.6932752138361815,0.5438775580354249,0.13793979847557922,0.028140022182875413,-1.0537896133782383,-0.4432404213962434,1.7252834000963735,0.0,0.44715605560003535,0,0
1.2264978715078472,0.5438775580354249,-0.7544768898779194,0.028140022182875413,0.7501563004966046,-1.323835538470496,-0.6124066982601051,0.0,2.026775861469616,2,1
-0.6773649017474663,0.5438775580354249,0.30019737817621533,-1.2157768674919593,-1.0537896133782383,1.317949812752262,1.8102903127638819,0.0,0.6392096714563811,0,0
-0.8556859915435142,0.5438775580354249,0.38132616802653335,0.028140022182875413,1.032022849539549,0.4373546956780092,-0.9949378052638925,0.0,0.5707662981786861,2,1
0.3078213297792222,0.5438775580354249,1.5982580157813042,-1.2157768674919593,0.5246630612622494,0.4373546956780092,-1.2641263620443355,0.0,-0.7303234113427866,1,1
-0.9946600954328564,0.5438775580354249,-1.5657647883811,1.27205691185771,1.4266360181996707,0.4373546956780092,0.6201935354187654,0.0,-0.40350022378426387,2,1
-0.8042005291929472,-1.8386491320071456,1.436000436080668,1.27205691185771,-1.2792828526125937,1.317949812752262,-0.7257492484834495,0.0,-0.8413227671899646,0,0
-0.2886588221149818,0.5438775580354249,-0.26770415077601106,0.028140022182875413,-0.43368320548376094,-0.4432404213962434,0.8043751795317001,0.0,-0.31080278211558754,1,1
0.9949507076447538,0.5438775580354249,1.35487164623035,-1.2157768674919593,0.6937829906880159,0.4373546956780092,1.3427522930925861,0.0,-0.9258484771398302,2,1
1.7447879128749886,0.5438775580354249,-0.9978632594288736,0.028140022182875413,1.9339958064769704,0.4373546956780092,0.4643475288616669,0.0,-0.22986628515750526,2,1
-0.47293463620424464,-1.8386491320071456,0.8680989071284416,0.028140022182875413,1.2011427789653155,0.4373546956780092,0.776039541975864,0.0,-0.0736510378261063,2,1
-0.32173044472806844,0.5438775580354249,1.517129225930986,0.028140022182875413,-1.5047760918469488,1.317949812752262,0.2801658847487322,0.0,1.1816928464812602,0,0
1.7737828396257973,0.5438775580354249,-1.6468935782314178,1.27205691185771,-1.1665362329954159,1.317949812752262,-0.9099308925963842,0.0,-0.7987898252174332,0,0
0.22060752166936465,0.5438775580354249,0.7869701172781236,-1.2157768674919593,-1.2792828526125937,1.317949812752262,1.4560948433159306,0.0,-1.0639589353999794,0,0
-0.10873453731691442,-1.8386491320071456,0.38132616802653335,0.028140022182875413,-0.15181665644081674,-1.323835538470496,-1.1649516305989092,0.0,0.6063230594075585,1,1
2.456514882628647,0.5438775580354249,0.05681100862526116,1.27205691185771,1.313889398582493,-1.323835538470496,-0.6124066982601051,0.0,2.12187208528758,2,1
-0.1495473015111807,0.5438775580354249,-0.5110905203269652,-1.2157768674919593,0.41191644164507163,-1.323835538470496,-0.3715537790354982,0.0,0.8639348537900017,1,1
-0.19242131642232907,-1.8386491320071456,1.517129225930986,-1.2157768674919593,-1.2229095428040047,1.317949812752262,-0.7965883423730398,0.0,-1.0519624645872143,0,0
-0.42772453714729647,-1.8386491320071456,-1.4846359985307818,0.028140022182875413,1.032022849539549,0.4373546956780092,-0.11653304103297325,0.0,0.47437724086510846,2,1
-0.28329957025108815,0.5438775580354249,-0.3488329406263291,0.028140022182875413,-0.6028031349095275,-0.4432404213962434,-0.3998894165913343,0.0,-0.9551049151356222,1,1
-0.13438565734922542,0.5438775580354249,1.0303564868290778,1.27205691185771,-0.6028031349095275,-1.323835538470496,2.2353248761014237,0.0,1.6396042303623704,1,1
0.014024394266288261,0.5438775580354249,0.5435837477271694,1.27205691185771,-1.0537896133782383,1.317949812752262,-0.2723790475900718,0.0,-1.0717799380318613,0,0
-0.90387345274707,-1.8386491320071456,-0.9978632594288736,1.27205691185771,-0.4900565152923498,-1.323835538470496,-0.9099308925963842,0.0,1.2429296330457806,1,1
-0.659134284295931,-1.8386491320071456,1.111485276679396,1.27205691185771,1.5957559476254373,0.4373546956780092,-1.2499585432664175,0.0,-0.3310093856420826,2,1
-1.1223660287365762,0.5438775580354249,0.7869701172781236,-1.2157768674919593,-1.3356561624211825,1.317949812752262,0.1668233345253878,0.0,-1.223855558110968,0,0
0.3311821712372196,0.5438775580354249,1.0303564868290778,0.028140022182875413,0.5810363710708382,-1.323835538470496,-1.4908114624910243,0.0,1.7749216562587282,1,1
-0.4699572740576371,0.5438775580354249,0.13793979847557922,-1.2157768674919593,0.9192762299223712,0.4373546956780092,-0.5273997855925968,0.0,0.2582436411280819,2,1
-0.10717714788638123,0.5438775580354249,-1.2412496289798276,1.27205691185771,-1.3920294722297712,1.317949812752262,2.5186812516597845,0.0,-0.8727091803706094,0,0
-0.7243156125208928,0.5438775580354249,-0.6733481000276013,-1.2157768674919593,-0.7155497545267051,-1.323835538470496,-0.03152612836546494,0.0,1.278604157325739,0,1
-0.7762133250148363,0.5438775580354249,-1.6468935782314178,0.028140022182875413,-1.3356561624211825,1.317949812752262,1.8811294066534723,0.0,-0.9205542599736334,0,0
-0.794489748037858,0.5438775580354249,0.6247125375774875,0.028140022182875413,-0.7155497545267051,-1.323835538470496,0.5493544415291752,0.0,2.0688659119674124,0,1
0.04906565645328473,0.5438775580354249,-1.3223784188301457,1.27205691185771,0.07367658279353861,-0.4432404213962434,-1.1224481742651549,0.0,-0.19732272199662781,1,1
2.8088513385010327,0.5438775580354249,-0.7544768898779194,-1.2157768674919593,-0.8846696839524717,-1.323835538470496,-1.136615993043073,0.0,-1.0740916779259986,0,0
-0.4229149521412382,0.5438775580354249,-0.024317781225056893,0.028140022182875413,1.8776224966683814,0.4373546956780092,-0.1307008598108913,0.0,-0.3960734713668861,2,1
2.2961495768552167,0.5438775580354249,1.273742856380032,-1.2157768674919593,1.3702627083910819,0.4373546956780092,-0.4140572353692524,0.0,0.27234960659507634,2,1
-0.7011837989203266,0.5438775580354249,-0.26770415077601106,1.27205691185771,-0.9410429937610605,-0.4432404213962434,0.9743890048667168,0.0,1.1585140059480168,0,1
1.4982165215643986,0.5438775580354249,-0.26770415077601106,1.27205691185771,0.5810363710708382,-0.4432404213962434,0.2801658847487322,0.0,0.3234203697713151,1,1
-0.24175391691304154,0.5438775580354249,1.6793868056316221,1.27205691185771,1.8212491868597926,0.4373546956780092,0.5635222603070933,0.0,-0.19174433746802869,2,1
-0.9313567956388318,0.5438775580354249,0.4624549578768514,1.27205691185771,0.6374096808794271,0.4373546956780092,0.6485291729746016,0.0,0.1722126121773827,2,1
-0.6260168561113579,0.5438775580354249,0.8680989071284416,-1.2157768674919593,0.24279651221930512,-1.323835538470496,-0.20153995370048156,0.0,0.07756439996680989,1,1
-0.16507539024502607,0.5438775580354249,-0.42996173047664715,1.27205691185771,-0.771923064335294,-0.4432404213962434,-1.2924619996001716,0.0,0.776851637578516,0,1
-0.6313303024037653,0.5438775580354249,0.7058413274278056,-1.2157768674919593,0.01730327298494977,-1.323835538470496,-0.4565606917030065,0.0,1.2025778675846615,1,1
-0.33675467217556493,0.5438775580354249,0.9492276969787597,-1.2157768674919593,-1.3356561624211825,1.317949812752262,-0.6407423358159412,0.0,-1.270661250784845,0,0
2.7576865151508705,0.5438775580354249,-0.3488329406263291,1.27205691185771,0.8629029201137823,-0.4432404213962434,1.5269339372055208,0.0,0.49016260984323706,2,1
-1.1239692237385956,-1.8386491320071456,1.273742856380032,1.27205691185771,-0.20818996624940558,-0.4432404213962434,0.12431987819163363,0.0,-0.7025082906896294,1,1
-0.8953536164506237,0.5438775580354249,-1.0789920492791916,0.028140022182875413,1.708502567242615,0.4373546956780092,0.6343613541966835,0.0,-0.20643655812412348,2,1
-0.7042985777813929,-1.8386491320071456,0.30019737817621533,0.028140022182875413,0.24279651221930512,-0.4432404213962434,0.4360118913058308,0.0,1.0625729602418301,1,1
0.7710988797913538,-1.8386491320071456,-1.1601208391295097,1.27205691185771,-1.0537896133782383,-0.4432404213962434,0.747703904420028,0.0,1.2236856144585941,0,1
-0.8972316448815607,0.5438775580354249,-1.1601208391295097,-1.2157768674919593,0.41191644164507163,0.4373546956780092,1.6827799437626194,0.0,0.278644809695501,1,1
-0.8823448341485233,0.5438775580354249,0.6247125375774875,-1.2157768674919593,0.35554313183648284,-1.323835538470496,-1.1649516305989092,0.0,1.9045275741774337,1,1
1.2192605912130163,0.5438775580354249,-0.3488329406263291,1.27205691185771,0.4682897514536605,0.4373546956780092,-0.5132319668146788,0.0,-0.1317671035368584,1,1
-0.9462436063718694,0.5438775580354249,-0.186575360925693,0.028140022182875413,1.1447694691567265,0.4373546956780092,0.6343613541966835,0.0,-0.9168703245277158,2,1
-0.6722346777410042,0.5438775580354249,-0.8356056797282374,0.028140022182875413,-1.44840278203836,1.317949812752262,-0.34321814147966206,0.0,-0.9353335228848781,0,0
-0.9269594607761498,-1.8386491320071456,0.7058413274278056,0.028140022182875413,-1.2229095428040047,1.317949812752262,-1.2074550869326632,0.0,-1.016190657786794,0,0
-0.8111171704873739,0.5438775580354249,-0.26770415077601106,1.27205691185771,1.313889398582493,-1.323835538470496,-0.05986176592130104,0.0,1.3255864945762443,2,1
-1.099554854136414,-1.8386491320071456,-0.8356056797282374,1.27205691185771,-0.8282963741438828,-1.323835538470496,0.3793406161941586,0.0,-1.1688397327233613,0,0
-0.8621445771230782,0.5438775580354249,0.6247125375774875,0.028140022182875413,-0.8846696839524717,-1.323835538470496,0.5351866227512572,0.0,2.250466777006745,0,1
1.7705764496217582,-1.8386491320071456,-0.8356056797282374,1.27205691185771,-1.5047760918469488,1.317949812752262,-0.20153995370048156,0.0,-1.0378692994518595,0,0
0.327517725518318,-1.8386491320071456,1.1926140665297138,1.27205691185771,-0.15181665644081674,-0.4432404213962434,-1.2499585432664175,0.0,-0.5786676421414634,1,1
-0.8435475150996526,0.5438775580354249,1.436000436080668,1.27205691185771,1.3702627083910819,0.4373546956780092,-1.0657768991534828,0.0,0.28569267229634254,2,1
0.4485360453850426,0.5438775580354249,-0.8356056797282374,0.028140022182875413,0.35554313183648284,-1.323835538470496,2.2636605136572596,0.0,1.2905571070109292,1,1
2.4599503004901173,-1.8386491320071456,-0.10544657107537495,-1.2157768674919593,-1.2792828526125937,1.317949812752262,1.8811294066534723,0.0,-0.9463930094216144,0,0
-1.0426185287789809,0.5438775580354249,-0.8356056797282374,-1.2157768674919593,-0.9974163035696494,-0.4432404213962434,-0.7115814297055314,0.0,0.6899322656120187,0,1
0.5019911473095193,-1.8386491320071456,0.8680989071284416,1.27205691185771,-1.3356561624211825,1.317949812752262,-0.38572159781341625,0.0,-0.9063561321188326,0,0
-0.10580298074179309,0.5438775580354249,-1.4035072086804639,1.27205691185771,1.5393826378168485,0.4373546956780092,0.32266934108248635,0.0,-0.08992793953920092,2,1
0.984827676346288,0.5438775580354249,0.9492276969787597,-1.2157768674919593,-1.5047760918469488,1.317949812752262,0.26599806597081416,0.0,-1.0384862754368949,0,0
-0.19897151314486566,-1.8386491320071456,-0.6733481000276013,0.028140022182875413,1.5957559476254373,0.4373546956780092,-0.2723790475900718,0.0,-0.7906948954884611,2,1
-0.01203897590939905,0.5438775580354249,0.7869701172781236,-1.2157768674919593,0.1864232024107163,-0.4432404213962434,-1.0374412615976467,0.0,-0.6691019851762334,1,1
1.4698628728143979,0.5438775580354249,1.35487164623035,-1.2157768674919593,-0.43368320548376094,-1.323835538470496,-0.7965883423730398,0.0,2.5286231036709728,1,1
-0.39657674853663316,0.5438775580354249,-1.2412496289798276,-1.2157768674919593,-0.9974163035696494,1.317949812752262,2.065311050766407,0.0,-0.8016417391067675,0,0
0.3379155902457014,-1.8386491320071456,0.38132616802653335,0.028140022182875413,1.0883961593481377,0.4373546956780092,-0.08819740347713714,0.0,-0.6593609327983905,2,1
-0.570317281184054,-1.8386491320071456,0.7869701172781236,-1.2157768674919593,-0.5464298251009386,-0.4432404213962434,-1.0232734428197285,0.0,0.6034404247222888,1,1
-0.8373179573775199,0.5438775580354249,0.05681100862526116,1.27205691185771,-1.5047760918469488,1.317949812752262,-0.7540848860392856,0.0,-0.8731315913147208,0,0
-0.2732681500955951,0.5438775580354249,1.517129225930986,1.27205691185771,-0.9410429937610605,-0.4432404213962434,0.22349460963706,0.0,-0.5084015016382691,0,0
2.0199419807930106,0.5438775580354249,0.4624549578768514,1.27205691185771,-0.03907003682363907,-0.4432404213962434,0.4785153476395849,0.0,0.44114757992834086,1,1
-0.49853995066506945,0.5438775580354249,1.517129225930986,0.028140022182875413,-1.3920294722297712,1.317949812752262,-1.1932872681547453,0.0,-0.9247374083535006,0,0
-1.0744992065334245,0.5438775580354249,1.111485276679396,0.028140022182875413,-1.44840278203836,1.317949812752262,-0.8957630738184661,0.0,0.12366863446682902,0,0
-1.1725231295140415,0.5438775580354249,-1.1601208391295097,-1.2157768674919593,-1.110162923186827,1.317949812752262,0.2801658847487322,0.0,-0.9583843601017238,0,0
2.291477408563617,0.5438775580354249,-1.6468935782314178,0.028140022182875413,1.1447694691567265,-1.323835538470496,1.1869062865354876,0.0,1.3958551951457663,2,1
-0.9986909857236481,-1.8386491320071456,1.5982580157813042,1.27205691185771,-1.110162923186827,1.317949812752262,0.36517279741624054,0.0,-0.8912133397890191,0,0
-1.0277775236174294,0.5438775580354249,-1.3223784188301457,1.27205691185771,-0.771923064335294,-1.323835538470496,-1.5474827376026965,0.0,0.9101978124023538,0,1
-1.0819197091142003,0.5438775580354249,-1.3223784188301457,0.028140022182875413,-1.2792828526125937,1.317949812752262,-0.853259617484712,0.0,-1.062794105220763,0,0
1.8563702850155415,0.5438775580354249,-1.6468935782314178,0.028140022182875413,-1.2229095428040047,1.317949812752262,1.4135913869821763,0.0,-0.7947551606845868,0,0
-1.0159138806024854,0.5438775580354249,-1.4035072086804639,0.028140022182875413,-0.8282963741438828,-1.323835538470496,-0.20153995370048156,0.0,2.362853688803671,0,1
-0.19287937213719186,-1.8386491320071456,-0.10544657107537495,-1.2157768674919593,0.07367658279353861,-1.323835538470496,-1.3207976371560077,0.0,0.06850944536485715,1,1
-1.0602078682297083,0.5438775580354249,-0.024317781225056893,0.028140022182875413,0.6937829906880159,-0.4432404213962434,-0.7540848860392856,0.0,0.8999242662282974,2,1
1.6527645197590726,0.5438775580354249,0.05681100862526116,-1.2157768674919593,-0.20818996624940558,-0.4432404213962434,-1.1224481742651549,0.0,0.2062819748697173,1,1
0.8682524969137317,0.5438775580354249,-0.5110905203269652,-1.2157768674919593,1.032022849539549,0.4373546956780092,-0.598238879482187,0.0,0.7072920753818356,2,1
0.5546217489472433,0.5438775580354249,0.9492276969787597,0.028140022182875413,-0.6591764447181163,-0.4432404213962434,1.2010741053134055,0.0,-0.728620967234701,1,1
-1.125893057741019,0.5438775580354249,0.7869701172781236,1.27205691185771,-0.8282963741438828,-0.4432404213962434,-1.0799447179314008,0.0,0.481862874808029,0,1
0.0852978634989239,0.5438775580354249,-0.6733481000276013,-1.2157768674919593,-0.4900565152923498,-1.323835538470496,-0.7399170672613675,0.0,1.176846640922454,1,1
-0.35306145562467695,0.5438775580354249,0.7058413274278056,1.27205691185771,1.8776224966683814,0.4373546956780092,-0.5415676043705149,0.0,0.2070346343701342,2,1
-1.0283271904752647,0.5438775580354249,-0.26770415077601106,0.028140022182875413,-0.03907003682363907,-1.323835538470496,-1.0516090803755647,0.0,0.7032010893897742,1,1
0.07824380549003854,0.5438775580354249,0.8680989071284416,0.028140022182875413,1.9339958064769704,0.4373546956780092,-0.14486867858880936,0.0,-0.1426601857622778,2,1
0.6052827110110576,0.5438775580354249,-0.5922193101772832,-1.2157768674919593,-1.2229095428040047,1.317949812752262,0.506850985195421,0.0,-0.8399326511738887,0,0
1.0810193764674543,0.5438775580354249,-0.42996173047664715,-1.2157768674919593,-1.110162923186827,1.317949812752262,-1.150783811820991,0.0,-1.1579543306969255,0,0
-0.49464647708873655,0.5438775580354249,0.13793979847557922,-1.2157768674919593,0.6937829906880159,-1.323835538470496,-1.3349654559339257,0.0,0.6916142291894806,2,1
-0.32452458458873085,-1.8386491320071456,-0.5922193101772832,0.028140022182875413,-0.20818996624940558,-0.4432404213962434,-0.9382665301522203,0.0,-1.2028118128952339,1,1
0.30067566062736417,0.5438775580354249,-0.3488329406263291,-1.2157768674919593,-0.9974163035696494,1.317949812752262,-0.881595255040548,0.0,-0.9887953880114204,0,0
-1.083614515259192,0.5438775580354249,0.21906858832589726,0.028140022182875413,-1.5047760918469488,1.317949812752262,-1.37746891226768,0.0,-1.1019708002373543,0,0
-0.6990309370604718,-1.8386491320071456,-0.024317781225056893,1.27205691185771,1.032022849539549,0.4373546956780092,-0.1590364973667274,0.0,-0.023430216670746497,2,1
-0.9205924863395583,0.5438775580354249,1.436000436080668,1.27205691185771,-0.32093658586658325,-0.4432404213962434,-0.7257492484834495,0.0,0.0628875397086829,1,1
-0.7387901731105538,0.5438775580354249,-0.024317781225056893,0.028140022182875413,-0.6591764447181163,-0.4432404213962434,-0.9666021677080564,0.0,-0.6825320931326497,1,1
1.008783990233607,0.5438775580354249,-1.0789920492791916,1.27205691185771,-0.9974163035696494,-0.4432404213962434,2.2494926948793417,0.0,0.37562780239716254,0,0
-1.0783926801097574,0.5438775580354249,-0.024317781225056893,1.27205691185771,0.6937829906880159,-1.323835538470496,-0.28654686636798987,0.0,-1.1371563518486745,2,1
0.09821503465805193,0.5438775580354249,-0.3488329406263291,0.028140022182875413,-0.9410429937610605,1.317949812752262,-1.3207976371560077,0.0,-0.9610314686848223,0,0
-0.18985620441909806,0.5438775580354249,-0.8356056797282374,-1.2157768674919593,-0.9974163035696494,1.317949812752262,1.3710879306484223,0.0,-0.900698385534067,0,0
-0.28613951568323687,0.5438775580354249,0.30019737817621533,-1.2157768674919593,1.2011427789653155,-1.323835538470496,0.5918578978629294,0.0,2.37959908265478,2,1
-1.0867292941202584,0.5438775580354249,-1.3223784188301457,0.028140022182875413,1.0883961593481377,0.4373546956780092,0.039312965524125325,0.0,-1.034042000291577,2,1
-0.8038340846210569,0.5438775580354249,-0.5110905203269652,1.27205691185771,-0.20818996624940558,-0.4432404213962434,-0.22987559125631768,0.0,0.5354732237815921,1,1
0.264306036867266,-1.8386491320071456,1.5982580157813042,0.028140022182875413,0.7501563004966046,-0.4432404213962434,1.5411017559834388,0.0,1.2346273379442452,2,1
0.9610087791734279,0.5438775580354249,-0.186575360925693,-1.2157768674919593,0.7501563004966046,-1.323835538470496,-1.5333149188247785,0.0,1.488498875421556,2,1
0.9877592329214094,0.5438775580354249,0.4624549578768514,0.028140022182875413,0.5810363710708382,-0.4432404213962434,-0.4565606917030065,0.0,0.5191835217368577,1,1
-0.8688779961315598,0.5438775580354249,-0.42996173047664715,1.27205691185771,0.8065296103051935,-1.323835538470496,-1.4908114624910243,0.0,1.0055116418581929,2,1
-0.7061766062123298,0.5438775580354249,-1.728022368081736,0.028140022182875413,1.9339958064769704,0.4373546956780092,-0.0031904908096288334,0.0,-0.11363415373600133,2,1
0.9007744526689833,0.5438775580354249,1.436000436080668,0.028140022182875413,1.2011427789653155,-1.323835538470496,0.3935084349720766,0.0,0.32400662496041527,2,1
0.0473250447368065,0.5438775580354249,1.436000436080668,-1.2157768674919593,-1.0537896133782383,1.317949812752262,0.7193682668641919,0.0,-0.9518817916287354,0,0
-0.6668296203056243,0.5438775580354249,-1.4035072086804639,-1.2157768674919593,1.2011427789653155,-1.323835538470496,-1.0799447179314008,0.0,2.367881659071762,2,1
-0.6214362989627309,0.5438775580354249,0.7869701172781236,-1.2157768674919593,1.313889398582493,-1.323835538470496,0.5493544415291752,0.0,2.0198816028484514,2,1
-0.19952118000270092,0.5438775580354249,0.13793979847557922,0.028140022182875413,0.35554313183648284,0.4373546956780092,-0.3573859602575801,0.0,-0.06781664666471238,1,1
-0.3158673315778259,0.5438775580354249,0.38132616802653335,-1.2157768674919593,0.8629029201137823,-0.4432404213962434,0.8610464546433724,0.0,-0.7542549113764464,2,1
0.9850108986322331,-1.8386491320071456,1.35487164623035,1.27205691185771,-0.6028031349095275,-1.323835538470496,0.30850152230456834,0.0,2.4915917442372026,1,1
-0.792657525178407,0.5438775580354249,0.38132616802653335,-1.2157768674919593,0.6937829906880159,-0.4432404213962434,-1.0232734428197285,0.0,-0.010115311699087866,2,1
-0.7222543618040106,0.5438775580354249,1.273742856380032,1.27205691185771,1.9339958064769704,0.4373546956780092,1.1727384677575694,0.0,-0.638283906720393,2,1
2.6681366228952133,-1.8386491320071456,-0.024317781225056893,0.028140022182875413,0.8629029201137823,-1.323835538470496,-0.47072851048092457,0.0,1.6482111733569318,2,1
-1.1570408463516824,0.5438775580354249,1.1926140665297138,1.27205691185771,-0.3773098956751721,-0.4432404213962434,-1.150783811820991,0.0,0.6968290842995111,1,1
-0.9461061896574106,-1.8386491320071456,0.9492276969787597,1.27205691185771,0.7501563004966046,-1.323835538470496,-0.7824205235951217,0.0,0.6410631594778154,2,1
-0.5541937200208872,0.5438775580354249,-0.5922193101772832,1.27205691185771,0.6937829906880159,0.4373546956780092,2.1219823258780792,0.0,-0.9268520231403857,2,1
0.5116103173216359,0.5438775580354249,0.9492276969787597,0.028140022182875413,1.313889398582493,-1.323835538470496,-1.2074550869326632,0.0,2.200504522550508,2,1
-1.0942414078440068,-1.8386491320071456,1.0303564868290778,0.028140022182875413,1.0883961593481377,-1.323835538470496,0.22349460963706,0.0,1.854534598925261,2,1
-0.5910672050673341,-1.8386491320071456,1.5982580157813042,0.028140022182875413,-0.771923064335294,-0.4432404213962434,-1.0232734428197285,0.0,0.9037490053222521,0,1
-1.0998296875653317,0.5438775580354249,-0.5110905203269652,1.27205691185771,0.01730327298494977,-0.4432404213962434,-1.0091056240418106,0.0,-0.7419563527369832,1,1
0.27612387431072355,0.5438775580354249,-0.6733481000276013,0.028140022182875413,-0.03907003682363907,-1.323835538470496,-0.5557354231484328,0.0,2.3831473345853165,1,1
1.0067685450882113,0.5438775580354249,-1.3223784188301457,-1.2157768674919593,1.9339958064769704,0.4373546956780092,-0.05986176592130104,0.0,-0.05288121970746255,2,1
-0.45923877032985,0.5438775580354249,0.8680989071284416,0.028140022182875413,-1.1665362329954159,1.317949812752262,0.5776900790850114,0.0,0.993510050912772,0,0
-0.9239820986295423,-1.8386491320071456,-0.5110905203269652,1.27205691185771,-0.6028031349095275,-0.4432404213962434,2.0086397756547347,0.0,-0.3350670907718806,1,1
-1.1043644391424723,0.5438775580354249,-0.9167344695785554,0.028140022182875413,-0.9974163035696494,1.317949812752262,-1.150783811820991,0.0,-1.1291561445738363,0,0
0.18465014805264285,0.5438775580354249,0.7869701172781236,1.27205691185771,1.7648758770512039,0.4373546956780092,0.8327108170875362,0.0,0.08923318228959776,2,1
1.7910515400761209,0.5438775580354249,0.6247125375774875,0.028140022182875413,-0.4900565152923498,-1.323835538470496,0.02514514674620727,0.0,2.2219220374501227,1,1
-0.832737400228893,0.5438775580354249,-0.7544768898779194,-1.2157768674919593,0.24279651221930512,-0.4432404213962434,0.8327108170875362,0.0,1.1642639149205887,1,1
0.07824380549003854,0.5438775580354249,1.5982580157813042,1.27205691185771,-0.9410429937610605,1.317949812752262,-1.1932872681547453,0.0,-1.0423724561227203,0,0
-0.1879781759881609,-1.8386491320071456,-0.3488329406263291,0.028140022182875413,0.35554313183648284,0.4373546956780092,-0.7540848860392856,0.0,-0.36972270865331536,1,1
0.7501199280506423,0.5438775580354249,-0.024317781225056893,0.028140022182875413,-1.0537896133782383,1.317949812752262,-0.9099308925963842,0.0,-0.8504698841797235,0,0
1.9766099101669994,-1.8386491320071456,0.05681100862526116,0.028140022182875413,-1.2229095428040047,1.317949812752262,-1.37746891226768,0.0,0.023122029436663562,0,0
0.12982087898357816,-1.8386491320071456,1.0303564868290778,0.028140022182875413,0.5810363710708382,-1.323835538470496,0.4360118913058308,0.0,2.49533712127499,1,1
-0.19828442957257159,0.5438775580354249,-1.4035072086804639,-1.2157768674919593,1.032022849539549,-1.323835538470496,-1.4766436437131063,0.0,0.03521578276989079,2,1
0.9448394124387748,-1.8386491320071456,-0.186575360925693,0.028140022182875413,0.35554313183648284,-1.323835538470496,0.5635222603070933,0.0,1.3153641497287472,1,1
0.24149486226710365,0.5438775580354249,-1.3223784188301457,1.27205691185771,0.7501563004966046,-1.323835538470496,0.3935084349720766,0.0,-1.0569929949216326,2,1
0.5507740809423964,-1.8386491320071456,0.13793979847557922,0.028140022182875413,-1.0537896133782383,1.317949812752262,-0.6832457921496954,0.0,0.34050113231138535,0,0
-0.8226143689304275,0.5438775580354249,1.5982580157813042,0.028140022182875413,1.313889398582493,-1.323835538470496,0.5351866227512572,0.0,2.298212014022979,2,1
-0.5034869523855866,0.5438775580354249,0.8680989071284416,-1.2157768674919593,1.0883961593481377,0.4373546956780092,2.1644857822118335,0.0,-0.2842216134325014,2,1
-0.5965638736456866,0.5438775580354249,1.111485276679396,0.028140022182875413,-1.2792828526125937,1.317949812752262,0.3793406161941586,0.0,-1.0596529038363707,0,0
-0.7122687472200038,0.5438775580354249,-1.4035072086804639,-1.2157768674919593,-1.1665362329954159,1.317949812752262,-1.0374412615976467,0.0,-1.125802457684224,0,0
-0.3291967528803304,0.5438775580354249,-0.9167344695785554,0.028140022182875413,0.7501563004966046,-1.323835538470496,2.1078145071001613,0.0,-1.0097264903087249,2,1
0.890055948941196,0.5438775580354249,-1.1601208391295097,-1.2157768674919593,0.07367658279353861,-0.4432404213962434,0.7902073607537821,0.0,-0.9585763650763198,1,1
1.18925794188951,-1.8386491320071456,-1.3223784188301457,-1.2157768674919593,-1.110162923186827,1.317949812752262,-0.3573859602575801,0.0,-0.9717376660683016,0,0
2.8546111044158162,0.5438775580354249,1.0303564868290778,-1.2157768674919593,-1.110162923186827,1.317949812752262,-1.2782941808222534,0.0,-1.2387756246702502,0,0
-0.8709850524199283,-1.8386491320071456,1.111485276679396,0.028140022182875413,-1.110162923186827,1.317949812752262,0.2943337035266503,0.0,-0.9959891743929549,0,0
-0.7378740616808286,0.5438775580354249,-0.10544657107537495,0.028140022182875413,-0.771923064335294,-0.4432404213962434,0.7052004480862738,0.0,-1.219408722899322,0,0
-0.7274303913819591,0.5438775580354249,-0.7544768898779194,0.028140022182875413,0.5246630612622494,-0.4432404213962434,0.6485291729746016,0.0,0.3130034598828938,1,1
1.6527645197590726,0.5438775580354249,-1.4035072086804639,-1.2157768674919593,-0.15181665644081674,-0.4432404213962434,0.12431987819163363,0.0,0.5261289816845812,1,1
2.8936832568936053,0.5438775580354249,1.111485276679396,1.27205691185771,0.97564953973096,0.4373546956780092,-0.2440434100342357,0.0,0.7156225312129789,2,1
-0.6841441263274342,0.5438775580354249,0.6247125375774875,0.028140022182875413,-1.2792828526125937,1.317949812752262,0.13848769696955168,0.0,-1.1544828807562277,0,0
-1.0089514337365726,0.5438775580354249,0.6247125375774875,-1.2157768674919593,0.97564953973096,0.4373546956780092,-0.7115814297055314,0.0,-0.644558629290194,2,1
1.460197897230795,0.5438775580354249,0.5435837477271694,1.27205691185771,-0.09544334663222791,-1.323835538470496,0.13848769696955168,0.0,-1.2458311674700755,1,1
-0.7876189123149175,0.5438775580354249,1.35487164623035,-1.2157768674919593,-0.43368320548376094,-0.4432404213962434,-0.6974136109276134,0.0,-0.09349411193403284,1,1
-1.1409172851885157,-1.8386491320071456,-0.186575360925693,1.27205691185771,0.41191644164507163,0.4373546956780092,-0.4990641480367607,0.0,0.5868435147182006,1,1
-0.675807512316933,0.5438775580354249,-0.6733481000276013,0.028140022182875413,0.6374096808794271,-1.323835538470496,-1.3066298183780896,0.0,2.1528360875241135,2,1
-0.12256781990576779,0.5438775580354249,-1.5657647883811,1.27205691185771,1.9339958064769704,0.4373546956780092,0.06764860307996143,0.0,-0.16249045953856453,2,1
0.4813328345692118,0.5438775580354249,-0.8356056797282374,-1.2157768674919593,0.5246630612622494,0.4373546956780092,-0.11653304103297325,0.0,0.6076312533011402,1,1
-0.6155731858124885,0.5438775580354249,0.4624549578768514,0.028140022182875413,0.07367658279353861,-1.323835538470496,-0.30071468514590793,0.0,0.5516118819129775,1,1
1.7666829760454252,0.5438775580354249,0.13793979847557922,-1.2157768674919593,1.1447694691567265,-1.323835538470496,0.12431987819163363,0.0,1.617219010390791,2,1
-0.3739029906509296,-1.8386491320071456,0.13793979847557922,-1.2157768674919593,1.3702627083910819,-1.323835538470496,-0.7115814297055314,0.0,0.24019261344971912,2,1
-0.40692880769253004,-1.8386491320071456,1.517129225930986,0.028140022182875413,-0.7155497545267051,-0.4432404213962434,-1.5333149188247785,0.0,-0.4101819969002086,0,0
-1.1239692237385956,0.5438775580354249,-1.2412496289798276,1.27205691185771,1.2575160887739043,0.4373546956780092,-0.6549101545938593,0.0,0.3911622848751523,2,1
0.573631061114045,-1.8386491320071456,0.6247125375774875,0.028140022182875413,0.97564953973096,-1.323835538470496,0.3935084349720766,0.0,1.2941847209976318,2,1
-0.8772604157135473,0.5438775580354249,0.13793979847557922,-1.2157768674919593,-0.9410429937610605,1.317949812752262,-0.9240987113743022,0.0,1.04046422743367,0,0
2.1678023655506893,-1.8386491320071456,-1.2412496289798276,0.028140022182875413,1.8212491868597926,0.4373546956780092,-0.3715537790354982,0.0,0.3285174618302599,2,1
-0.7856950783124941,0.5438775580354249,-0.26770415077601106,-1.2157768674919593,0.97564953973096,0.4373546956780092,-1.3066298183780896,0.0,0.2546851489322338,2,1
2.151816221101981,0.5438775580354249,0.7869701172781236,-1.2157768674919593,-1.5047760918469488,1.317949812752262,2.2353248761014237,0.0,-1.0475924313654066,0,0
-0.5791577564809041,0.5438775580354249,0.9492276969787597,0.028140022182875413,0.01730327298494977,-0.4432404213962434,-0.7965883423730398,0.0,-0.18421518239753307,1,1
-0.8645264668403643,0.5438775580354249,0.30019737817621533,-1.2157768674919593,-1.3920294722297712,1.317949812752262,-1.0232734428197285,0.0,-0.9518357104348323,0,0
-0.8775352491424648,0.5438775580354249,1.0303564868290778,0.028140022182875413,-1.0537896133782383,1.317949812752262,-0.6690779733717773,0.0,0.5836485519409214,0,0
-0.29873604784196106,0.5438775580354249,-0.3488329406263291,0.028140022182875413,1.032022849539549,-1.323835538470496,-0.9666021677080564,0.0,-0.7985210182529986,2,1
-0.20135340286215173,0.5438775580354249,-0.5922193101772832,1.27205691185771,-0.32093658586658325,-1.323835538470496,0.039312965524125325,0.0,0.495605310856455,1,1
-0.7716327678662094,0.5438775580354249,1.5982580157813042,-1.2157768674919593,-0.8282963741438828,-0.4432404213962434,0.26599806597081416,0.0,-0.35661516905422047,0,0
0.6103671294460333,0.5438775580354249,-0.7544768898779194,1.27205691185771,-1.0537896133782383,-0.4432404213962434,-0.9949378052638925,0.0,-0.635813442713923,0,0
-0.9552673039546645,0.5438775580354249,1.1926140665297138,1.27205691185771,-0.43368320548376094,-0.4432404213962434,1.7394512188742917,0.0,0.9683676395059925,1,1
0.3526649842642801,0.5438775580354249,-0.5922193101772832,-1.2157768674919593,1.032022849539549,0.4373546956780092,0.22349460963706,0.0,-0.8807017074464637,2,1
-0.7171699433690347,0.5438775580354249,0.21906858832589726,1.27205691185771,1.9339958064769704,0.4373546956780092,-0.9666021677080564,0.0,-0.20247869558111556,2,1
-0.9724443932620157,0.5438775580354249,1.111485276679396,-1.2157768674919593,-0.771923064335294,-0.4432404213962434,0.6343613541966835,0.0,-1.2130648785386664,0,0
-0.8000780277591827,0.5438775580354249,-0.6733481000276013,0.028140022182875413,-0.9410429937610605,1.317949812752262,-1.391636731045598,0.0,-0.8160856333290513,0,0
0.8729704707768177,0.5438775580354249,-1.3223784188301457,1.27205691185771,-0.7155497545267051,-0.4432404213962434,-0.7682527048172036,0.0,0.26430331812633534,0,1
1.5272572538866938,-1.8386491320071456,-1.5657647883811,0.028140022182875413,-1.110162923186827,1.317949812752262,-1.0091056240418106,0.0,-1.0323549165814592,0,0
-0.2936516294069852,0.5438775580354249,0.30019737817621533,0.028140022182875413,1.4830093280082597,0.4373546956780092,0.5351866227512572,0.0,-0.7841641662858652,2,1
-1.1234653624522468,-1.8386491320071456,0.4624549578768514,0.028140022182875413,0.6374096808794271,0.4373546956780092,-0.7824205235951217,0.0,-0.7780558480273807,2,1
-1.1406424517595979,0.5438775580354249,-1.4035072086804639,-1.2157768674919593,-0.4900565152923498,-0.4432404213962434,2.1786536009897515,0.0,-0.7322613815530434,1,1
-0.8126287543464207,0.5438775580354249,-0.9978632594288736,-1.2157768674919593,1.652129257434026,0.4373546956780092,-0.6690779733717773,0.0,0.3785206773477441,2,1
0.5960757911423175,0.5438775580354249,0.9492276969787597,0.028140022182875413,0.7501563004966046,0.4373546956780092,0.2518302471928961,0.0,-0.8254836368189491,2,1
-0.9418462715091874,0.5438775580354249,-0.5922193101772832,0.028140022182875413,-1.2229095428040047,1.317949812752262,-0.5273997855925968,0.0,-0.87969560137958,0,0
-0.0036107507559254115,0.5438775580354249,0.38132616802653335,-1.2157768674919593,0.5246630612622494,0.4373546956780092,-1.1932872681547453,0.0,0.4632102315425985,1,1
-1.1407798684740567,0.5438775580354249,-0.10544657107537495,0.028140022182875413,-0.6028031349095275,-1.323835538470496,2.532849070437703,0.0,-0.9679513279692662,1,1
-0.1059403974562519,0.5438775580354249,-0.024317781225056893,0.028140022182875413,1.032022849539549,-1.323835538470496,-1.5333149188247785,0.0,0.2546467479373147,2,1
-0.3685895443585223,0.5438775580354249,-1.4035072086804639,0.028140022182875413,0.5810363710708382,0.4373546956780092,0.09598424063579754,0.0,-0.6860854651958417,1,1
-0.7806564654490045,0.5438775580354249,-0.5922193101772832,-1.2157768674919593,1.708502567242615,0.4373546956780092,0.08181642185787948,0.0,-0.5048711701720285,2,1
-1.077659790965977,0.5438775580354249,1.273742856380032,-1.2157768674919593,0.5246630612622494,0.4373546956780092,-0.6832457921496954,0.0,0.6366035239345297,1,1
-0.7977877491848693,0.5438775580354249,0.30019737817621533,0.028140022182875413,-1.0537896133782383,1.317949812752262,-1.0374412615976467,0.0,-1.2314487148396625,0,0
1.312932984902438,0.5438775580354249,-0.10544657107537495,-1.2157768674919593,-1.5047760918469488,1.317949812752262,0.039312965524125325,0.0,0.27244688911553844,0,0
0.41189158819602684,-1.8386491320071456,1.35487164623035,0.028140022182875413,-1.3356561624211825,1.317949812752262,-0.04569394714338299,0.0,-0.886566819403793,0,0
-0.9589775552450523,0.5438775580354249,-0.7544768898779194,0.028140022182875413,-1.1665362329954159,1.317949812752262,-0.7540848860392856,0.0,-1.1559446786294862,0,0
-0.8790926385729979,0.5438775580354249,-1.6468935782314178,0.028140022182875413,0.7501563004966046,-0.4432404213962434,1.6544443062067833,0.0,0.09752523712582205,2,1
0.4300305945045898,-1.8386491320071456,-0.5922193101772832,-1.2157768674919593,-0.9410429937610605,1.317949812752262,-1.0091056240418106,0.0,-0.798206130094661,0,0
-1.1590562914970783,0.5438775580354249,-1.3223784188301457,1.27205691185771,1.1447694691567265,-1.323835538470496,0.776039541975864,0.0,0.1705383287989046,2,1
-1.073216650531809,0.5438775580354249,-0.7544768898779194,1.27205691185771,-1.0537896133782383,-0.4432404213962434,-1.094112536709319,0.0,0.5218178299883164,0,1
-0.4093565029813024,0.5438775580354249,1.0303564868290778,-1.2157768674919593,-0.5464298251009386,-0.4432404213962434,-0.22987559125631768,0.0,-0.7187851924027241,1,1
-0.9765210891242936,-1.8386491320071456,-1.3223784188301457,0.028140022182875413,-0.8282963741438828,-0.4432404213962434,1.31441665553675,0.0,-0.5709311216984039,0,0
0.6134819083070997,0.5438775580354249,0.8680989071284416,1.27205691185771,-0.03907003682363907,-1.323835538470496,-1.2074550869326632,0.0,0.1023381618223647,1,1
1.1511935119844197,0.5438775580354249,0.13793979847557922,-1.2157768674919593,-0.32093658586658325,-0.4432404213962434,0.1668233345253878,0.0,0.13021216400106447,1,1
0.34579414854133966,0.5438775580354249,-0.26770415077601106,-1.2157768674919593,-0.9974163035696494,1.317949812752262,-0.25821122881215375,0.0,-1.256527124588243,0,0
0.4821115292844782,0.5438775580354249,0.4624549578768514,0.028140022182875413,-0.7155497545267051,-0.4432404213962434,-1.2499585432664175,0.0,0.3813137097115355,0,1
-0.9814222852733245,0.5438775580354249,1.35487164623035,1.27205691185771,-0.8282963741438828,-1.323835538470496,-0.5557354231484328,0.0,2.1464077609746353,0,1
-0.03746106808427878,0.5438775580354249,-1.2412496289798276,1.27205691185771,-0.9410429937610605,-0.4432404213962434,-0.08819740347713714,0.0,-0.6475487867612375,0,0
0.9363195761423285,-1.8386491320071456,1.0303564868290778,1.27205691185771,0.5246630612622494,-1.323835538470496,0.7335360856421099,0.0,-1.1327555978309314,1,1
-0.8935213935911729,0.5438775580354249,-1.3223784188301457,0.028140022182875413,0.6374096808794271,-1.323835538470496,-0.9949378052638925,0.0,1.8564034473446636,2,1
0.0553410197469037,0.5438775580354249,-1.2412496289798276,0.028140022182875413,-0.8846696839524717,-0.4432404213962434,0.40767625374999467,0.0,0.9381537367035477,0,1
-0.17322878196958208,-1.8386491320071456,1.1926140665297138,1.27205691185771,0.5246630612622494,-0.4432404213962434,-0.7257492484834495,0.0,0.5823941194402267,1,1
-0.603251487082682,0.5438775580354249,-1.4846359985307818,0.028140022182875413,-1.3920294722297712,1.317949812752262,-1.2499585432664175,0.0,-0.8334633635631635,0,0
-0.9584278883872172,0.5438775580354249,-1.5657647883811,1.27205691185771,0.4682897514536605,-0.4432404213962434,-0.05986176592130104,0.0,-0.9519099523583427,1,1
1.5389834801871791,0.5438775580354249,0.05681100862526116,1.27205691185771,1.652129257434026,0.4373546956780092,1.8244581315418,0.0,0.6165070032601363,2,1
0.529795129201685,0.5438775580354249,0.38132616802653335,-1.2157768674919593,-1.2792828526125937,1.317949812752262,1.300248836758832,0.0,-0.30694988229202547,0,0
-1.1548421789203416,0.5438775580354249,-0.6733481000276013,0.028140022182875413,-0.7155497545267051,-0.4432404213962434,-1.405804549823516,0.0,-0.07905533784440487,0,1
-0.5126022611113542,0.5438775580354249,-0.5922193101772832,0.028140022182875413,-0.15181665644081674,-0.4432404213962434,-0.6407423358159412,0.0,0.4574091212434679,1,1
0.27355876230749243,0.5438775580354249,-0.9167344695785554,1.27205691185771,-0.9410429937610605,-0.4432404213962434,2.0086397756547347,0.0,0.9069542083648433,0,1
0.7530972901972498,0.5438775580354249,-0.6733481000276013,1.27205691185771,-1.110162923186827,1.317949812752262,-0.7540848860392856,0.0,0.530926545983156,0,0
-0.32580714059034643,0.5438775580354249,1.5982580157813042,0.028140022182875413,0.1864232024107163,-0.4432404213962434,1.0593959175342251,0.0,-0.6197669469703437,1,1
-1.0561311723674303,-1.8386491320071456,0.8680989071284416,1.27205691185771,0.01730327298494977,-0.4432404213962434,0.8185429983096182,0.0,0.9608231240375293,1,1
0.1841004811948076,0.5438775580354249,-1.5657647883811,1.27205691185771,0.9192762299223712,0.4373546956780092,0.45017971008374885,0.0,-1.0271477416704125,2,1
-0.720605361230505,0.5438775580354249,1.1926140665297138,-1.2157768674919593,0.41191644164507163,-0.4432404213962434,0.11015205941371559,0.0,-0.3335054503118321,1,1
-0.5366043805701596,0.5438775580354249,-0.42996173047664715,1.27205691185771,0.41191644164507163,-0.4432404213962434,0.8610464546433724,0.0,1.1436144199193587,1,1
-0.6601420068686289,0.5438775580354249,1.6793868056316221,0.028140022182875413,-0.771923064335294,-1.323835538470496,-1.4483080061572702,0.0,1.159502191550605,0,1
1.429324942049049,0.5438775580354249,0.38132616802653335,0.028140022182875413,-1.44840278203836,1.317949812752262,-0.20153995370048156,0.0,-0.9710208474964762,0,0
-0.3105996908569049,0.5438775580354249,0.5435837477271694,-1.2157768674919593,-0.9410429937610605,1.317949812752262,-0.9807699864859745,0.0,-0.8152152107775488,0,0
-0.3103706629994735,0.5438775580354249,0.21906858832589726,0.028140022182875413,1.313889398582493,-1.323835538470496,1.6827799437626194,0.0,1.4566746908988315,2,1
0.12052234797186528,0.5438775580354249,-1.4846359985307818,1.27205691185771,-1.1665362329954159,1.317949812752262,0.8610464546433724,0.0,-1.151267437448325,0,0
-0.4810422223573144,0.5438775580354249,-1.2412496289798276,-1.2157768674919593,0.35554313183648284,0.4373546956780092,-0.20153995370048156,0.0,-0.7433643892173547,1,1
0.8325241511544413,0.5438775580354249,1.35487164623035,1.27205691185771,-0.43368320548376094,-0.4432404213962434,-0.22987559125631768,0.0,0.9967818156798895,1,1
1.1190838063725446,0.5438775580354249,0.7869701172781236,0.028140022182875413,0.13004989260212746,-0.4432404213962434,1.2577453804250778,0.0,0.9526078711911435,1,1
-1.1354664221816495,0.5438775580354249,0.5435837477271694,1.27205691185771,1.7648758770512039,0.4373546956780092,-0.2440434100342357,0.0,-0.46106075510185107,2,1
-0.3812776876602191,0.5438775580354249,-1.5657647883811,1.27205691185771,-1.3356561624211825,1.317949812752262,0.5776900790850114,0.0,-1.1979502469384604,0,0
-0.49212717065699163,0.5438775580354249,-1.2412496289798276,-1.2157768674919593,0.4682897514536605,0.4373546956780092,0.05348078430204337,0.0,-1.0408184958616558,1,1
0.6017556820066147,-1.8386491320071456,-1.0789920492791916,0.028140022182875413,0.4682897514536605,-1.323835538470496,1.6686121249847012,0.0,1.1836922582833875,1,1
-0.5991289856489176,-1.8386491320071456,-1.3223784188301457,0.028140022182875413,1.1447694691567265,0.4373546956780092,0.6768648105304377,0.0,0.2408710310266253,2,1
-0.9380902146473133,-1.8386491320071456,-1.1601208391295097,0.028140022182875413,0.299169822027894,-1.323835538470496,-1.2499585432664175,0.0,0.8538609927895259,1,1
0.6085807121580689,-1.8386491320071456,-1.5657647883811,0.028140022182875413,0.97564953973096,-1.323835538470496,1.3710879306484223,0.0,0.5182439773945007,2,1
0.24245677926831521,-1.8386491320071456,1.111485276679396,1.27205691185771,1.2575160887739043,0.4373546956780092,0.2518302471928961,0.0,-0.1850088029591969,2,1
2.140685467230817,0.5438775580354249,-0.6733481000276013,0.028140022182875413,-0.20818996624940558,-1.323835538470496,0.20932679085914196,0.0,1.4904624462950922,1,1
-0.6039843762264622,0.5438775580354249,1.6793868056316221,-1.2157768674919593,-1.1665362329954159,1.317949812752262,-0.584071060704269,0.0,-1.1414854240092347,0,0
1.0557347010070335,0.5438775580354249,-0.26770415077601106,0.028140022182875413,0.41191644164507163,-1.323835538470496,0.6343613541966835,0.0,0.6674472030536497,1,1
1.7363596877215148,-1.8386491320071456,-0.3488329406263291,0.028140022182875413,0.07367658279353861,-1.323835538470496,-0.584071060704269,0.0,2.090621355622316,1,1
-0.23447083104672467,0.5438775580354249,-0.5110905203269652,0.028140022182875413,0.97564953973096,0.4373546956780092,0.3510049786383225,0.0,-0.38878496253121764,2,1
-0.995942651434472,0.5438775580354249,-0.024317781225056893,0.028140022182875413,-1.110162923186827,1.317949812752262,0.18099115330330584,0.0,-1.0698266074236369,0,0
-0.01300089291061075,0.5438775580354249,0.38132616802653335,0.028140022182875413,-0.5464298251009386,-1.323835538470496,-0.7965883423730398,0.0,0.17606039186828878,1,1
0.8243249538583992,0.5438775580354249,-0.5110905203269652,0.028140022182875413,-0.4900565152923498,-0.4432404213962434,1.328584474314668,0.0,-0.14986165234279608,1,1
-0.14707380065092218,0.5438775580354249,0.21906858832589726,0.028140022182875413,1.7648758770512039,0.4373546956780092,-0.7965883423730398,0.0,0.6274922478733622,2,1
2.2712771515381727,-1.8386491320071456,-0.9978632594288736,-1.2157768674919593,1.1447694691567265,-1.323835538470496,-0.05986176592130104,0.0,2.4036150648772625,2,1
-0.8168886724946438,-1.8386491320071456,1.35487164623035,0.028140022182875413,-0.771923064335294,-1.323835538470496,-1.108280355487237,0.0,2.2760751204852117,0,1
-0.9474345512305123,-1.8386491320071456,-0.3488329406263291,-1.2157768674919593,0.4682897514536605,-1.323835538470496,-0.4565606917030065,0.0,-1.2582577294259358,1,1
-0.5699050310406777,0.5438775580354249,-0.9167344695785554,-1.2157768674919593,-1.5047760918469488,1.317949812752262,0.6343613541966835,0.0,-1.1198810242676798,0,0
-0.7955432761820421,0.5438775580354249,-0.10544657107537495,-1.2157768674919593,0.9192762299223712,0.4373546956780092,0.8185429983096182,0.0,-0.5209586269768551,2,1
-0.4938677823734699,-1.8386491320071456,-0.6733481000276013,0.028140022182875413,0.07367658279353861,-0.4432404213962434,0.8043751795317001,0.0,1.0954288514947175,1,1
-0.8362644292333359,-1.8386491320071456,0.05681100862526116,1.27205691185771,0.8065296103051935,-1.323835538470496,0.40767625374999467,0.0,2.200581324540347,2,1
2.8387165711100817,-1.8386491320071456,0.8680989071284416,-1.2157768674919593,0.97564953973096,0.4373546956780092,-0.017358309587546885,0.0,-0.347447571533838,2,1
1.6432369608899289,0.5438775580354249,-0.3488329406263291,-1.2157768674919593,-0.15181665644081674,-1.323835538470496,0.1951589720812239,0.0,2.3660614519125907,1,1
1.7689732546197388,-1.8386491320071456,-0.3488329406263291,1.27205691185771,-0.4900565152923498,-0.4432404213962434,-0.9524343489301383,0.0,-0.5679896054875915,1,1
-1.1400469793302765,0.5438775580354249,0.7869701172781236,-1.2157768674919593,1.9339958064769704,0.4373546956780092,-0.7682527048172036,0.0,0.13578286833067982,2,1
0.06450213404415764,-1.8386491320071456,-0.024317781225056893,0.028140022182875413,1.8212491868597926,0.4373546956780092,0.3368371598604044,0.0,-0.13475726100790172,2,1
1.1114342759343376,0.5438775580354249,-1.3223784188301457,-1.2157768674919593,-1.1665362329954159,1.317949812752262,0.1951589720812239,0.0,-0.9877227202200102,0,0
2.678076431907733,-1.8386491320071456,-1.6468935782314178,0.028140022182875413,-1.110162923186827,1.317949812752262,2.377003063880604,0.0,-1.215647985463566,0,0
-0.540589465289465,0.5438775580354249,-0.6733481000276013,1.27205691185771,1.8212491868597926,0.4373546956780092,-0.9382665301522203,0.0,-0.5121647991403531,2,1
-0.11624665104066259,-1.8386491320071456,0.21906858832589726,0.028140022182875413,0.8629029201137823,-0.4432404213962434,-0.5132319668146788,0.0,-0.10075702010642185,2,1
0.16142672330910415,0.5438775580354249,-1.0789920492791916,-1.2157768674919593,1.5393826378168485,0.4373546956780092,-1.2357907244884994,0.0,0.7295339316390492,2,1
-0.8833983622927074,0.5438775580354249,-1.4846359985307818,1.27205691185771,0.5246630612622494,-1.323835538470496,1.9661363193209807,0.0,0.7304657957824225,1,1
-0.09906956173331145,0.5438775580354249,-1.4035072086804639,0.028140022182875413,1.2575160887739043,-1.323835538470496,-0.6407423358159412,0.0,0.21652992038049387,2,1
-0.25242661506934244,0.5438775580354249,-1.4846359985307818,1.27205691185771,0.6937829906880159,-0.4432404213962434,-0.584071060704269,0.0,0.3967841905313265,2,1
-0.43757273501684446,0.5438775580354249,0.38132616802653335,-1.2157768674919593,-0.9410429937610605,1.317949812752262,-1.5049792812689424,0.0,-0.9810537474357051,0,0
-1.0921343515556383,0.5438775580354249,-1.6468935782314178,0.028140022182875413,0.4682897514536605,-1.323835538470496,0.6910326293083557,0.0,0.8158235272888715,1,1
0.9844154262029117,-1.8386491320071456,1.35487164623035,0.028140022182875413,-0.6028031349095275,-1.323835538470496,-1.108280355487237,0.0,2.009060202480214,1,1
0.15199077558293259,0.5438775580354249,0.30019737817621533,0.028140022182875413,0.5810363710708382,-0.4432404213962434,1.796122493985964,0.0,-0.09065243831001024,1,1
-0.9563666376703349,0.5438775580354249,0.4624549578768514,0.028140022182875413,-0.9974163035696494,-0.4432404213962434,-1.150783811820991,0.0,0.05994602349787047,0,0
0.46988144169764434,0.5438775580354249,-1.4846359985307818,0.028140022182875413,0.5810363710708382,-1.323835538470496,-1.2641263620443355,0.0,-0.8538747723958946,1,1
-1.0257162729005473,0.5438775580354249,-0.6733481000276013,1.27205691185771,-1.44840278203836,1.317949812752262,1.9236328629872266,0.0,-1.1964500480702824,0,0
-1.030754885764037,0.5438775580354249,-0.6733481000276013,1.27205691185771,0.35554313183648284,0.4373546956780092,0.42184407252791273,0.0,-0.9457427525743156,1,1
-0.16782372453420236,0.5438775580354249,-1.4035072086804639,1.27205691185771,-0.9410429937610605,1.317949812752262,-0.2440434100342357,0.0,-1.0305961510141586,0,0
1.004020210799035,-1.8386491320071456,-0.5110905203269652,0.028140022182875413,1.8212491868597926,0.4373546956780092,-0.28654686636798987,0.0,0.2195328781831772,2,1
-0.5264355437002077,0.5438775580354249,0.21906858832589726,0.028140022182875413,-1.2229095428040047,1.317949812752262,-0.9949378052638925,0.0,-1.1030921092889956,0,0
-0.7375076171089384,0.5438775580354249,1.6793868056316221,1.27205691185771,-0.9974163035696494,1.317949812752262,-0.3998894165913343,0.0,-0.8638718314065322,0,0
-0.9421669105095913,-1.8386491320071456,-0.10544657107537495,0.028140022182875413,0.07367658279353861,-0.4432404213962434,1.1302350114238153,0.0,0.9962339614857088,1,1
-0.9439991333690422,0.5438775580354249,-1.4035072086804639,-1.2157768674919593,0.97564953973096,-1.323835538470496,0.9318855485329626,0.0,0.8117095006998584,2,1
-0.3287386971654677,0.5438775580354249,-1.1601208391295097,0.028140022182875413,-1.2792828526125937,1.317949812752262,0.5635222603070933,0.0,-1.1429139410202298,0,0
0.16811433674609969,0.5438775580354249,1.0303564868290778,1.27205691185771,-0.26456327605799446,-0.4432404213962434,-1.0516090803755647,0.0,-0.7195608925000924,1,1
0.13018732355546825,0.5438775580354249,-1.6468935782314178,-1.2157768674919593,-0.9410429937610605,1.317949812752262,-0.3715537790354982,0.0,-1.2629042498111618,0,0
2.2270289694824354,0.5438775580354249,0.4624549578768514,-1.2157768674919593,0.299169822027894,-0.4432404213962434,0.776039541975864,0.0,-0.25330113232354307,1,1
0.18790234362816816,-1.8386491320071456,0.30019737817621533,-1.2157768674919593,-0.9410429937610605,1.317949812752262,-0.32905032270174406,0.0,-0.8757146982396206,0,0
-0.11413959475229428,0.5438775580354249,-0.42996173047664715,-1.2157768674919593,1.2011427789653155,-1.323835538470496,-1.5191471000468604,0.0,0.1572567046895093,2,1
0.17855800704496905,-1.8386491320071456,-1.2412496289798276,0.028140022182875413,0.13004989260212746,-0.4432404213962434,-1.0374412615976467,0.0,0.20401631616948304,1,1
-0.8050708350511863,0.5438775580354249,0.6247125375774875,-1.2157768674919593,0.7501563004966046,-0.4432404213962434,-0.8957630738184661,0.0,0.6881709399783903,2,1
2.3762177158132163,-1.8386491320071456,0.13793979847557922,0.028140022182875413,1.9339958064769704,0.4373546956780092,0.5493544415291752,0.0,-0.30776398338431304,2,1
-0.20579654329631988,0.5438775580354249,-0.42996173047664715,1.27205691185771,-1.3920294722297712,1.317949812752262,0.8752142734212904,0.0,-1.0684032105452976,0,0
-1.0976310201339907,0.5438775580354249,0.6247125375774875,1.27205691185771,-1.2229095428040047,1.317949812752262,1.4135913869821763,0.0,-1.0718106588277967,0,0
-1.000706430869044,0.5438775580354249,1.111485276679396,-1.2157768674919593,1.032022849539549,-1.323835538470496,0.22349460963706,0.0,0.9078579117786092,2,1
0.05932610446620918,0.5438775580354249,1.35487164623035,-1.2157768674919593,0.41191644164507163,-0.4432404213962434,-1.4483080061572702,0.0,-0.9750555120293225,1,1
1.5966985002598784,0.5438775580354249,0.13793979847557922,-1.2157768674919593,-1.3356561624211825,1.317949812752262,-1.2216229057105814,0.0,-1.2054000399527895,0,0
-1.0427559454934396,-1.8386491320071456,0.38132616802653335,0.028140022182875413,0.7501563004966046,-1.323835538470496,-1.108280355487237,0.0,1.7815599082470979,2,1
2.037714542529683,-1.8386491320071456,1.436000436080668,1.27205691185771,0.9192762299223712,0.4373546956780092,-0.7824205235951217,0.0,0.39487182098434914,2,1
2.77353524288512,0.5438775580354249,-0.26770415077601106,0.028140022182875413,0.6937829906880159,-1.323835538470496,-0.6690779733717773,0.0,1.2295148854873321,2,1
-1.0071192108771219,0.5438775580354249,1.5982580157813042,0.028140022182875413,-0.20818996624940558,-0.4432404213962434,-0.5699032419263509,0.0,-0.5759872526961015,1,1
-0.5462235505822761,0.5438775580354249,0.38132616802653335,-1.2157768674919593,-0.8282963741438828,-1.323835538470496,-0.34321814147966206,0.0,1.4282246737963435,0,1
-0.40642494640618104,-1.8386491320071456,0.4624549578768514,1.27205691185771,0.35554313183648284,-1.323835538470496,-1.5191471000468604,0.0,1.4211742511291738,1,1
0.7976661112533903,0.5438775580354249,-1.4846359985307818,0.028140022182875413,-1.1665362329954159,1.317949812752262,-0.3715537790354982,0.0,-1.160109906545058,0,0
-1.1129300810104048,0.5438775580354249,0.7869701172781236,0.028140022182875413,-1.1665362329954159,1.317949812752262,-1.405804549823516,0.0,-1.0613988690720313,0,0
0.21062190708535783,0.5438775580354249,-0.3488329406263291,-1.2157768674919593,-0.4900565152923498,-0.4432404213962434,0.7902073607537821,0.0,1.0966628034647887,1,1
0.6869540449710764,0.5438775580354249,0.4624549578768514,1.27205691185771,1.2011427789653155,0.4373546956780092,-0.4990641480367607,0.0,-0.8019284665354978,2,1
-0.002465611468768669,0.5438775580354249,0.4624549578768514,1.27205691185771,0.4682897514536605,0.4373546956780092,0.747703904420028,0.0,-0.2298330042952419,1,1
-0.8056205019090215,-1.8386491320071456,-0.3488329406263291,1.27205691185771,-1.44840278203836,1.317949812752262,-0.314882503923826,0.0,-1.0600906751784498,0,0
-0.7377366449663697,0.5438775580354249,-1.6468935782314178,1.27205691185771,-1.2792828526125937,1.317949812752262,-1.3066298183780896,0.0,-1.2363000405311242,0,0
0.562042251528019,-1.8386491320071456,-0.42996173047664715,0.028140022182875413,-0.20818996624940558,-1.323835538470496,-0.017358309587546885,0.0,1.912612263641094,1,1
2.960651002406531,0.5438775580354249,-0.7544768898779194,1.27205691185771,-1.2792828526125937,1.317949812752262,-0.7682527048172036,0.0,0.9027480193880244,0,0
2.7053307469420638,0.5438775580354249,-0.3488329406263291,0.028140022182875413,-0.9410429937610605,1.317949812752262,0.7902073607537821,0.0,-1.1977249611016008,0,0
0.17562645046984784,-1.8386491320071456,-0.9978632594288736,0.028140022182875413,1.2011427789653155,-1.323835538470496,-1.2499585432664175,0.0,2.012395968905531,2,1
-1.091905323698207,0.5438775580354249,-1.3223784188301457,0.028140022182875413,1.313889398582493,0.4373546956780092,1.328584474314668,0.0,0.3278902455799127,2,1
1.5866670801043856,0.5438775580354249,-0.8356056797282374,0.028140022182875413,-0.9410429937610605,1.317949812752262,-1.0091056240418106,0.0,-1.2756380197263764,0,0
-0.926822044061691,-1.8386491320071456,0.7058413274278056,0.028140022182875413,0.6937829906880159,0.4373546956780092,0.3935084349720766,0.0,-0.8667339855611783,2,1
0.7234152798741469,0.5438775580354249,1.273742856380032,1.27205691185771,-0.8846696839524717,-1.323835538470496,2.1928214197676694,0.0,0.12774682012725055,0,1
2.8827815308798725,0.5438775580354249,-1.1601208391295097,0.028140022182875413,0.9192762299223712,0.4373546956780092,-0.7115814297055314,0.0,0.7176961849386169,2,1
0.8391201534484641,0.5438775580354249,1.35487164623035,1.27205691185771,0.24279651221930512,-0.4432404213962434,-0.44239287292508844,0.0,-0.924279156480798,1,1
-0.8265536480782467,0.5438775580354249,-0.9167344695785554,0.028140022182875413,-1.5047760918469488,1.317949812752262,1.4135913869821763,0.0,0.2240539553183337,0,0
1.5531374017764359,-1.8386491320071456,1.111485276679396,-1.2157768674919593,-1.44840278203836,1.317949812752262,0.6060257166408474,0.0,-0.8773480205568515,0,0
-1.1488416490556401,0.5438775580354249,-1.2412496289798276,0.028140022182875413,1.7648758770512039,0.4373546956780092,-0.6974136109276134,0.0,-0.4633955355929399,2,1
-0.03434628922321241,0.5438775580354249,-1.3223784188301457,-1.2157768674919593,-1.0537896133782383,-0.4432404213962434,1.1018993738679792,0.0,-0.5298932584613943,0,0
0.754334040627379,0.5438775580354249,1.35487164623035,0.028140022182875413,-1.3920294722297712,1.317949812752262,-0.7399170672613675,0.0,-1.211155069058017,0,0
-0.3072100785669209,0.5438775580354249,0.9492276969787597,0.028140022182875413,0.7501563004966046,-0.4432404213962434,-1.3491332747118439,0.0,0.3762140575862627,2,1
-0.841211430953853,0.5438775580354249,-1.6468935782314178,0.028140022182875413,1.7648758770512039,0.4373546956780092,1.328584474314668,0.0,-0.7259917791158982,2,1
-0.3147221922906692,-1.8386491320071456,-0.3488329406263291,1.27205691185771,1.708502567242615,0.4373546956780092,1.1160671926458974,0.0,-0.018161600167829126,2,1
-1.0366638044857657,0.5438775580354249,-0.3488329406263291,0.028140022182875413,0.97564953973096,-1.323835538470496,0.039312965524125325,0.0,1.8501415251065019,2,1
-0.3966683596796056,0.5438775580354249,1.273742856380032,0.028140022182875413,0.97564953973096,0.4373546956780092,0.1951589720812239,0.0,0.018478069117765446,2,1
-0.9171112629066018,0.5438775580354249,-1.5657647883811,0.028140022182875413,0.5246630612622494,-1.323835538470496,0.02514514674620727,0.0,0.9933794875300466,1,1
-0.9330516017838237,0.5438775580354249,-0.186575360925693,-1.2157768674919593,-0.6028031349095275,-1.323835538470496,-0.6974136109276134,0.0,0.7204508163074892,1,1
1.513378165726354,0.5438775580354249,0.6247125375774875,1.27205691185771,-0.9974163035696494,1.317949812752262,0.3510049786383225,0.0,-1.1776233202945514,0,0
-1.0790339581105652,-1.8386491320071456,-0.42996173047664715,1.27205691185771,0.97564953973096,0.4373546956780092,-0.0740295846992191,0.0,0.5867615925957064,2,1
-0.8282484542232387,-1.8386491320071456,-1.728022368081736,1.27205691185771,-0.6028031349095275,-1.323835538470496,0.9885568236446348,0.0,2.4742012136714506,1,1
-0.557400110024926,0.5438775580354249,-1.1601208391295097,1.27205691185771,1.5393826378168485,0.4373546956780092,-0.9807699864859745,0.0,0.19900114623303272,2,1
-0.9956220124340681,0.5438775580354249,0.6247125375774875,-1.2157768674919593,0.6374096808794271,0.4373546956780092,-1.150783811820991,0.0,0.2019119416479098,2,1
0.8924836442299685,0.5438775580354249,-0.5110905203269652,1.27205691185771,-0.6591764447181163,-0.4432404213962434,-1.4766436437131063,0.0,-0.1841383804076946,1,1
0.4496353791007131,-1.8386491320071456,-0.6733481000276013,1.27205691185771,-1.0537896133782383,1.317949812752262,-1.2216229057105814,0.0,-1.2583601320790538,0,0
0.7825960782344075,0.5438775580354249,0.9492276969787597,-1.2157768674919593,-0.09544334663222791,-0.4432404213962434,1.6544443062067833,0.0,-0.6802792347640553,1,1
-0.009061613762791495,0.5438775580354249,-1.4035072086804639,0.028140022182875413,-1.2229095428040047,1.317949812752262,-0.2440434100342357,0.0,-1.1266626399704147,0,0
-0.3053778557074702,0.5438775580354249,-1.4846359985307818,-1.2157768674919593,0.24279651221930512,-1.323835538470496,2.065311050766407,0.0,1.9950694399979776,1,1
-0.22998188504107028,-1.8386491320071456,0.5435837477271694,1.27205691185771,0.8065296103051935,0.4373546956780092,0.12431987819163363,0.0,0.6466005829451674,2,1
-0.7494628712668547,0.5438775580354249,-1.3223784188301457,1.27205691185771,0.41191644164507163,0.4373546956780092,-0.9524343489301383,0.0,-1.046089672430901,1,1
1.7599495570369434,0.5438775580354249,-1.1601208391295097,-1.2157768674919593,-1.2229095428040047,1.317949812752262,-1.3349654559339257,0.0,-0.8956857756639445,0,0
2.654944618307167,0.5438775580354249,1.5982580157813042,1.27205691185771,0.9192762299223712,0.4373546956780092,-0.7965883423730398,0.0,-0.8624663549924886,2,1
-0.3086758568544816,-1.8386491320071456,-1.4035072086804639,0.028140022182875413,0.4682897514536605,-1.323835538470496,-0.8107561611509578,0.0,1.9144017500043298,1,1
-0.75578404013196,-1.8386491320071456,0.13793979847557922,0.028140022182875413,1.2575160887739043,0.4373546956780092,-0.5557354231484328,0.0,-0.8674533641993318,2,1
1.615478784569249,0.5438775580354249,1.6793868056316221,-1.2157768674919593,1.8776224966683814,0.4373546956780092,0.7052004480862738,0.0,-0.4136508867745784,2,1
2.759610349153293,-1.8386491320071456,-1.1601208391295097,0.028140022182875413,1.8776224966683814,0.4373546956780092,-0.7257492484834495,0.0,-1.0122583959070657,2,1
-0.7183608882276777,0.5438775580354249,0.7058413274278056,-1.2157768674919593,0.299169822027894,-1.323835538470496,-0.7965883423730398,0.0,0.3308394419897089,1,1
-1.0446339739243766,-1.8386491320071456,1.517129225930986,1.27205691185771,-0.26456327605799446,-1.323835538470496,-0.9666021677080564,0.0,-1.1316163683149945,1,1
-0.6676541205923772,0.5438775580354249,-1.2412496289798276,1.27205691185771,1.4266360181996707,-1.323835538470496,-0.5132319668146788,0.0,0.49576403496878774,2,1
-0.9372199087890742,-1.8386491320071456,1.273742856380032,0.028140022182875413,-0.9410429937610605,1.317949812752262,-0.32905032270174406,0.0,-1.278958425753725,0,0
-0.8163390056368085,0.5438775580354249,0.5435837477271694,0.028140022182875413,-0.7155497545267051,-1.323835538470496,-0.9524343489301383,0.0,-0.9574550560246786,0,1
0.35330626226508804,0.5438775580354249,-0.5922193101772832,0.028140022182875413,0.41191644164507163,-1.323835538470496,-1.0516090803755647,0.0,0.03495721607076797,1,1
-1.0350606094837462,0.5438775580354249,-0.5922193101772832,-1.2157768674919593,-0.6591764447181163,-1.323835538470496,2.4903456141039486,0.0,2.367507889387881,1,1
2.0777028064371965,0.5438775580354249,1.1926140665297138,1.27205691185771,1.2575160887739043,0.4373546956780092,-0.05986176592130104,0.0,0.13433643085538918,2,1
-0.16768630781974353,0.5438775580354249,0.30019737817621533,-1.2157768674919593,-0.20818996624940558,-0.4432404213962434,-1.0091056240418106,0.0,-0.42568575858226293,1,1
-1.0515048096473172,0.5438775580354249,-1.6468935782314178,-1.2157768674919593,-0.8846696839524717,-1.323835538470496,-0.32905032270174406,0.0,1.4252985179834987,0,1
-0.711444246933251,0.5438775580354249,1.517129225930986,-1.2157768674919593,0.24279651221930512,-0.4432404213962434,-0.30071468514590793,0.0,-0.7889898913140475,1,1
-0.4314347884376843,0.5438775580354249,0.4624549578768514,-1.2157768674919593,0.8065296103051935,-0.4432404213962434,0.3935084349720766,0.0,1.1264645355884337,2,1
-1.1282749474583051,0.5438775580354249,-0.26770415077601106,-1.2157768674919593,0.5810363710708382,0.4373546956780092,-1.2641263620443355,0.0,-0.6727398394282479,1,1
0.06358602261443229,0.5438775580354249,-0.10544657107537495,0.028140022182875413,-0.3773098956751721,-1.323835538470496,-1.1649516305989092,0.0,0.3639538999417189,1,1
-0.042408069804795834,0.5438775580354249,1.111485276679396,-1.2157768674919593,-0.32093658586658325,-0.4432404213962434,0.4643475288616669,0.0,-1.1064790770408712,1,1
0.47093496984182837,-1.8386491320071456,-0.3488329406263291,1.27205691185771,-1.110162923186827,1.317949812752262,2.4053387014364405,0.0,-1.2496405461660622,0,0
-0.6730133724562707,0.5438775580354249,1.436000436080668,0.028140022182875413,-0.3773098956751721,-1.323835538470496,-0.4140572353692524,0.0,1.9956352146564538,1,1
-0.1883446205600511,-1.8386491320071456,-1.0789920492791916,0.028140022182875413,-0.8282963741438828,-0.4432404213962434,0.2518302471928961,0.0,0.9206761638826458,0,1
-0.14913505136780425,0.5438775580354249,-1.2412496289798276,1.27205691185771,1.0883961593481377,0.4373546956780092,-0.7257492484834495,0.0,0.1706791324469418,2,1
1.6121349778507512,0.5438775580354249,-0.6733481000276013,1.27205691185771,0.5810363710708382,-0.4432404213962434,0.5351866227512572,0.0,-0.5400823224466281,1,1
2.6719384853285733,-1.8386491320071456,-1.1601208391295097,0.028140022182875413,-1.3920294722297712,1.317949812752262,-0.7257492484834495,0.0,-0.9892229190881877,0,0
-0.24505191806005297,0.5438775580354249,0.7869701172781236,-1.2157768674919593,0.8629029201137823,-1.323835538470496,-0.7540848860392856,0.0,2.1725178774533784,2,1
-0.7601813749946419,0.5438775580354249,-1.1601208391295097,-1.2157768674919593,-1.0537896133782383,-0.4432404213962434,2.33449960754685,0.0,0.5162471256587013,0,1
-0.9011251184578937,-1.8386491320071456,-1.728022368081736,0.028140022182875413,0.9192762299223712,0.4373546956780092,0.039312965524125325,0.0,0.5465890317775433,2,1
0.6279106633252748,0.5438775580354249,0.05681100862526116,0.028140022182875413,1.5393826378168485,0.4373546956780092,-1.0232734428197285,0.0,0.5677787007739705,2,1
-1.087645405549984,0.5438775580354249,-1.1601208391295097,-1.2157768674919593,-0.09544334663222791,-1.323835538470496,-1.0516090803755647,0.0,1.2152092348467578,1,1
1.3767859515542977,-1.8386491320071456,1.6793868056316221,1.27205691185771,1.9903691162855592,0.4373546956780092,-0.9949378052638925,0.0,-0.545821991153888,2,1
-0.9150500121897197,-1.8386491320071456,-1.4035072086804639,1.27205691185771,-0.771923064335294,-1.323835538470496,-0.28654686636798987,0.0,1.0810899199918795,0,1
0.634094415475921,-1.8386491320071456,0.21906858832589726,1.27205691185771,-1.5047760918469488,1.317949812752262,0.6768648105304377,0.0,-0.8542255014828235,0,0
0.14754763514876457,0.5438775580354249,0.4624549578768514,-1.2157768674919593,1.708502567242615,0.4373546956780092,-0.04569394714338299,0.0,0.14916945515952093,2,1
-0.9652529185386712,0.5438775580354249,1.273742856380032,1.27205691185771,-0.6591764447181163,-1.323835538470496,1.6119408498730292,0.0,0.03197985893136419,1,1
0.3603145147024872,0.5438775580354249,1.0303564868290778,-1.2157768674919593,1.032022849539549,0.4373546956780092,-1.0232734428197285,0.0,0.344223468752222,2,1
0.601114404005807,0.5438775580354249,1.436000436080668,1.27205691185771,-1.1665362329954159,1.317949812752262,-0.7257492484834495,0.0,-1.2316740006765219,0,0
1.2093665877719821,-1.8386491320071456,1.0303564868290778,1.27205691185771,0.35554313183648284,-0.4432404213962434,-0.7540848860392856,0.0,1.0496087843571007,1,1
2.4303140957385008,0.5438775580354249,0.05681100862526116,1.27205691185771,-1.110162923186827,1.317949812752262,-1.136615993043073,0.0,-1.2288169666545317,0,0
-1.031258747050386,-1.8386491320071456,0.9492276969787597,-1.2157768674919593,0.1864232024107163,-1.323835538470496,0.02514514674620727,0.0,-1.1153983481274428,1,1
-1.0743159842474794,0.5438775580354249,0.7058413274278056,-1.2157768674919593,-1.3356561624211825,1.317949812752262,-0.4140572353692524,0.0,-0.9985441205882472,0,0
-0.2460596406327509,0.5438775580354249,1.35487164623035,-1.2157768674919593,0.6374096808794271,0.4373546956780092,0.8752142734212904,0.0,-0.9058594792512106,2,1
0.27071881687534366,-1.8386491320071456,0.9492276969787597,0.028140022182875413,0.24279651221930512,-1.323835538470496,0.747703904420028,0.0,0.6704552809889889,1,1
-1.1752714638032178,0.5438775580354249,0.5435837477271694,1.27205691185771,-1.3920294722297712,1.317949812752262,0.7618717231979459,0.0,-0.8364099999066319,0,0
-0.21101837844575455,0.5438775580354249,0.13793979847557922,-1.2157768674919593,1.4830093280082597,0.4373546956780092,0.5918578978629294,0.0,0.0757365126086548,2,1
0.6862211558272959,0.5438775580354249,0.13793979847557922,-1.2157768674919593,0.6937829906880159,-1.323835538470496,-0.17320431614464546,0.0,2.02114371554813,2,1
0.7606552094924841,0.5438775580354249,1.517129225930986,-1.2157768674919593,-0.26456327605799446,-0.4432404213962434,-0.11653304103297325,0.0,0.6440149159539399,1,1
-1.0820113202571726,-1.8386491320071456,0.7058413274278056,-1.2157768674919593,-0.5464298251009386,-1.323835538470496,1.4985982996496847,0.0,1.8944460329779733,1,1
-0.37765904751280377,0.5438775580354249,1.273742856380032,-1.2157768674919593,-1.44840278203836,1.317949812752262,-1.1791194493768271,0.0,-1.0173017265731237,0,0
-0.9252188490596716,-1.8386491320071456,1.273742856380032,0.028140022182875413,0.7501563004966046,0.4373546956780092,-1.1224481742651549,0.0,-0.607596391647278,2,1
-1.1006541878520844,0.5438775580354249,1.517129225930986,0.028140022182875413,-1.0537896133782383,-0.4432404213962434,0.5635222603070933,0.0,0.2531849500640562,0,0
-0.758165929849246,0.5438775580354249,0.30019737817621533,0.028140022182875413,0.7501563004966046,-0.4432404213962434,-0.598238879482187,0.0,-0.6355907169433915,2,1
-0.9491751629469906,0.5438775580354249,0.8680989071284416,-1.2157768674919593,0.5810363710708382,-0.4432404213962434,-0.11653304103297325,0.0,-0.3224126829128326,1,1
1.0550018118632534,-1.8386491320071456,-0.10544657107537495,0.028140022182875413,-0.9410429937610605,1.317949812752262,-0.4990641480367607,0.0,-1.223609791743485,0,0
0.6814115708212378,0.5438775580354249,1.517129225930986,1.27205691185771,-0.43368320548376094,-0.4432404213962434,-1.0657768991534828,0.0,1.1914338988591027,1,1
1.173134380726343,0.5438775580354249,-1.0789920492791916,0.028140022182875413,0.6937829906880159,-0.4432404213962434,0.3368371598604044,0.0,1.1478590098910968,2,1
0.40813553133415276,0.5438775580354249,0.8680989071284416,-1.2157768674919593,-0.771923064335294,-1.323835538470496,0.6201935354187654,0.0,0.6460962498785618,0,1
0.45678104825257115,0.5438775580354249,0.4624549578768514,1.27205691185771,0.13004989260212746,-0.4432404213962434,-0.9524343489301383,0.0,-0.6694783149264418,1,1
-1.1292368644595168,0.5438775580354249,-0.024317781225056893,1.27205691185771,-0.4900565152923498,-0.4432404213962434,2.2778283324351776,0.0,-0.758525102011464,1,1
-0.20680426586901782,0.5438775580354249,-1.6468935782314178,0.028140022182875413,-0.8282963741438828,-1.323835538470496,-0.11653304103297325,0.0,0.3358904528547508,0,1
-0.16191480581247347,-1.8386491320071456,0.5435837477271694,0.028140022182875413,-1.2229095428040047,1.317949812752262,1.0877315550900613,0.0,-1.1247809912193727,0,0
-0.6410868891303407,0.5438775580354249,0.05681100862526116,-1.2157768674919593,0.01730327298494977,-1.323835538470496,2.036975413210571,0.0,0.6698485452692652,1,1
0.3294873650922276,-1.8386491320071456,1.1926140665297138,1.27205691185771,-0.32093658586658325,-1.323835538470496,1.8102903127638819,0.0,0.4777642086169838,1,1
-0.821331812928812,0.5438775580354249,-0.024317781225056893,0.028140022182875413,0.5246630612622494,0.4373546956780092,-0.9099308925963842,0.0,0.01479413367184814,1,1
0.7553417632000771,0.5438775580354249,1.35487164623035,1.27205691185771,1.2575160887739043,-1.323835538470496,-0.22987559125631768,0.0,1.7742099578195583,2,1
0.260412563290933,0.5438775580354249,0.5435837477271694,0.028140022182875413,1.5957559476254373,0.4373546956780092,0.4643475288616669,0.0,0.5101874486604479,2,1
0.7094445805708349,0.5438775580354249,1.6793868056316221,0.028140022182875413,-0.8846696839524717,-1.323835538470496,0.4785153476395849,0.0,0.8804191208756604,0,1
1.153804429559137,0.5438775580354249,-1.2412496289798276,0.028140022182875413,0.8065296103051935,0.4373546956780092,-0.4282250541471704,0.0,0.6501949160696067,2,1
-0.47527072035004436,0.5438775580354249,0.6247125375774875,-1.2157768674919593,-1.1665362329954159,1.317949812752262,1.1585706489796515,0.0,-0.9750273512997151,0,0
-1.0710637886719543,0.5438775580354249,-0.186575360925693,0.028140022182875413,1.032022849539549,0.4373546956780092,0.6626969917525196,0.0,0.21963784090262306,2,1
-0.8591214094049844,0.5438775580354249,-0.10544657107537495,1.27205691185771,-1.110162923186827,1.317949812752262,0.13848769696955168,0.0,-1.1243995413365087,0,0
-0.9417088547947287,-1.8386491320071456,-1.5657647883811,0.028140022182875413,-0.9410429937610605,1.317949812752262,-0.7540848860392856,0.0,-0.8592637120162255,0,0
0.6908017129759229,0.5438775580354249,-0.9167344695785554,-1.2157768674919593,-1.110162923186827,1.317949812752262,2.036975413210571,0.0,-1.2357521863369434,0,0
0.9271584618450746,0.5438775580354249,1.517129225930986,0.028140022182875413,-1.110162923186827,1.317949812752262,-0.853259617484712,0.0,-1.2723662549592583,0,0
0.20485040507808788,0.5438775580354249,1.436000436080668,0.028140022182875413,0.24279651221930512,-1.323835538470496,-0.017358309587546885,0.0,1.35396482982155,1,1
-1.0955239638456222,0.5438775580354249,1.1926140665297138,1.27205691185771,1.032022849539549,-1.323835538470496,-0.3998894165913343,0.0,-1.0375006499006347,2,1
-1.1522312613456243,-1.8386491320071456,1.273742856380032,1.27205691185771,-0.7155497545267051,-1.323835538470496,0.18099115330330584,0.0,1.9957939387687869,0,1
0.6620358140825456,0.5438775580354249,-0.10544657107537495,0.028140022182875413,-0.09544334663222791,-0.4432404213962434,1.8669615878755543,0.0,0.7955990032980808,1,1
-0.5104493992514996,0.5438775580354249,1.517129225930986,1.27205691185771,-0.3773098956751721,-0.4432404213962434,-1.3491332747118439,0.0,0.03678254336259506,1,1
-1.0193034928924696,0.5438775580354249,0.7058413274278056,-1.2157768674919593,-1.1665362329954159,1.317949812752262,1.8669615878755543,0.0,-0.9257332741550724,0,0
2.399074695984865,-1.8386491320071456,1.517129225930986,1.27205691185771,-1.2229095428040047,1.317949812752262,0.36517279741624054,0.0,0.36161655938430215,0,0
0.1182320693975518,0.5438775580354249,-0.6733481000276013,-1.2157768674919593,-0.5464298251009386,-1.323835538470496,0.5918578978629294,0.0,2.227344257932717,1,1
0.22184427209949387,0.5438775580354249,-0.186575360925693,1.27205691185771,1.313889398582493,-1.323835538470496,0.3935084349720766,0.0,2.0116586698030816,2,1
-0.32534908487548375,0.5438775580354249,-1.5657647883811,1.27205691185771,-0.7155497545267051,-1.323835538470496,-0.04569394714338299,0.0,1.1489316776825067,0,1
0.8753981660655897,0.5438775580354249,1.517129225930986,0.028140022182875413,-0.8846696839524717,-0.4432404213962434,-0.6265745170380231,0.0,0.6255747581937289,0,1
0.1028872029496516,0.5438775580354249,0.5435837477271694,-1.2157768674919593,-1.44840278203836,1.317949812752262,-1.0091056240418106,0.0,-1.0002696052932845,0,0
1.622945092721511,0.5438775580354249,-0.8356056797282374,-1.2157768674919593,-0.9974163035696494,1.317949812752262,0.02514514674620727,0.0,-1.0772712803053102,0,0
0.08410691864028094,0.5438775580354249,0.4624549578768514,1.27205691185771,0.5246630612622494,-0.4432404213962434,-0.5415676043705149,0.0,-0.9909228031299454,1,1
0.7830541339492703,0.5438775580354249,1.35487164623035,0.028140022182875413,-1.5047760918469488,1.317949812752262,0.9885568236446348,0.0,-0.9270363479159981,0,0
-0.7055353282115221,0.5438775580354249,1.436000436080668,0.028140022182875413,1.7648758770512039,0.4373546956780092,-1.0232734428197285,0.0,-0.47922954583129945,2,1
-1.072896011531405,0.5438775580354249,1.436000436080668,1.27205691185771,-1.44840278203836,1.317949812752262,0.36517279741624054,0.0,-1.0212467887844918,0,0
-0.8637019665536114,0.5438775580354249,-1.4035072086804639,1.27205691185771,0.6374096808794271,-0.4432404213962434,2.4620099765481123,0.0,-0.4832514100325061,2,1
-1.0223266606105632,-1.8386491320071456,0.4624549578768514,1.27205691185771,1.032022849539549,-1.323835538470496,0.3793406161941586,0.0,1.9505447664223023,2,1
0.48481405800216826,-1.8386491320071456,0.21906858832589726,-1.2157768674919593,1.032022849539549,0.4373546956780092,0.2518302471928961,0.0,-0.7833910262548248,2,1
-0.8410282086679078,0.5438775580354249,1.273742856380032,0.028140022182875413,-1.3920294722297712,1.317949812752262,0.747703904420028,0.0,-0.9705113942972144,0,0
1.821466439543004,-1.8386491320071456,-1.5657647883811,1.27205691185771,-1.110162923186827,1.317949812752262,-0.21570777247839962,0.0,-1.263700430439154,0,0
-1.0914472679833442,-1.8386491320071456,0.05681100862526116,0.028140022182875413,0.24279651221930512,-0.4432404213962434,0.5918578978629294,0.0,-0.22283890308728752,1,1
0.6056033500114614,0.5438775580354249,-0.9978632594288736,-1.2157768674919593,-0.9974163035696494,1.317949812752262,-1.108280355487237,0.0,-1.1110206347066511,0,0
-0.8699773298472303,0.5438775580354249,1.436000436080668,-1.2157768674919593,-0.32093658586658325,-1.323835538470496,-0.48489632925884263,0.0,-1.0828343044359414,1,1
0.36022290355951475,0.5438775580354249,0.5435837477271694,0.028140022182875413,0.01730327298494977,-0.4432404213962434,0.506850985195421,0.0,-0.5318926702635218,1,1
-1.0017599590132282,0.5438775580354249,-1.728022368081736,1.27205691185771,-1.44840278203836,1.317949812752262,0.776039541975864,0.0,-1.0193164987732188,0,0
0.4726297759868204,0.5438775580354249,-0.9978632594288736,1.27205691185771,1.313889398582493,0.4373546956780092,-0.7257492484834495,0.0,0.33275181153668626,2,1
1.4239656901851558,0.5438775580354249,0.05681100862526116,1.27205691185771,1.032022849539549,-1.323835538470496,-0.5557354231484328,0.0,2.248615849051639,2,1
-0.1770306444029425,0.5438775580354249,-1.5657647883811,-1.2157768674919593,-1.44840278203836,1.317949812752262,0.9318855485329626,0.0,-1.146905084425501,0,0
-0.2145912130216836,0.5438775580354249,-0.9167344695785554,-1.2157768674919593,-1.44840278203836,1.317949812752262,-1.1224481742651549,0.0,-0.8096982678408204,0,0
-1.1259846688839916,0.5438775580354249,1.517129225930986,0.028140022182875413,-1.44840278203836,1.317949812752262,2.2778283324351776,0.0,-1.0588490430093949,0,0
-0.7943065257519127,0.5438775580354249,0.4624549578768514,1.27205691185771,0.6374096808794271,0.4373546956780092,-0.14486867858880936,0.0,-0.827068317875949,2,1
0.4036923908999847,0.5438775580354249,-1.5657647883811,1.27205691185771,-0.6028031349095275,-1.323835538470496,-0.18737213492256352,0.0,0.12214795506802766,1,1
-0.3872782175249204,0.5438775580354249,-0.7544768898779194,-1.2157768674919593,-0.4900565152923498,-0.4432404213962434,2.320331788768932,0.0,0.9216208283576584,1,1
-0.2807802638193434,0.5438775580354249,0.6247125375774875,1.27205691185771,0.8629029201137823,0.4373546956780092,1.9236328629872266,0.0,-0.5903901858571382,2,1
-0.349855065620638,0.5438775580354249,-0.5922193101772832,-1.2157768674919593,-1.110162923186827,1.317949812752262,-1.2074550869326632,0.0,-1.0929081654364177,0,0
1.9958024446197462,0.5438775580354249,-1.3223784188301457,0.028140022182875413,0.4682897514536605,0.4373546956780092,-0.14486867858880936,0.0,-0.6782260615690408,1,1
-0.501700535097622,-1.8386491320071456,0.13793979847557922,1.27205691185771,-0.6028031349095275,-1.323835538470496,-0.38572159781341625,0.0,2.1823818130149637,1,1
-0.6841441263274342,0.5438775580354249,-0.10544657107537495,0.028140022182875413,-1.3920294722297712,1.317949812752262,-0.22987559125631768,0.0,-0.9527086930526626,0,0
-0.8031011954772767,0.5438775580354249,1.6793868056316221,0.028140022182875413,-1.110162923186827,1.317949812752262,-0.314882503923826,0.0,-1.0842705016459206,0,0
0.4976396180183238,-1.8386491320071456,1.436000436080668,1.27205691185771,1.7648758770512039,0.4373546956780092,1.3710879306484223,0.0,0.5239401249741854,2,1
1.0730492070288435,-1.8386491320071456,-0.5110905203269652,1.27205691185771,-0.5464298251009386,-0.4432404213962434,0.08181642185787948,0.0,0.6996758780561897,1,1
0.8976138682364306,0.5438775580354249,-0.10544657107537495,0.028140022182875413,1.9903691162855592,0.4373546956780092,0.45017971008374885,0.0,-0.06659805509260898,2,1
-0.7714495455802641,0.5438775580354249,-0.7544768898779194,-1.2157768674919593,0.97564953973096,-1.323835538470496,-0.3998894165913343,0.0,1.863891641353912,2,1
-0.4640483553359084,0.5438775580354249,-1.4846359985307818,-1.2157768674919593,-0.8846696839524717,-0.4432404213962434,-0.7540848860392856,0.0,-0.27975429769023175,0,0
-0.9967213461497385,0.5438775580354249,-0.9978632594288736,-1.2157768674919593,1.8212491868597926,0.4373546956780092,-0.18737213492256352,0.0,0.34857814157606193,2,1
-0.8156519220645145,-1.8386491320071456,-0.186575360925693,-1.2157768674919593,0.1864232024107163,-0.4432404213962434,-0.9807699864859745,0.0,0.3506671556996676,1,1
-1.0550776442232461,0.5438775580354249,-0.42996173047664715,1.27205691185771,0.1864232024107163,-0.4432404213962434,0.8468786358654543,0.0,-0.06297300117223437,1,1
-0.7934362198936736,0.5438775580354249,0.9492276969787597,-1.2157768674919593,0.1864232024107163,-1.323835538470496,0.3793406161941586,0.0,1.933210557315765,1,1
-0.5224504589809023,0.5438775580354249,1.1926140665297138,0.028140022182875413,1.313889398582493,-1.323835538470496,0.4360118913058308,0.0,1.6909412404367152,2,1
-0.9199970139102368,0.5438775580354249,-0.7544768898779194,-1.2157768674919593,-0.5464298251009386,-1.323835538470496,-0.34321814147966206,0.0,-1.0670873364527322,1,1
2.3710874918067537,0.5438775580354249,-0.024317781225056893,0.028140022182875413,0.9192762299223712,-1.323835538470496,-1.2499585432664175,0.0,1.6673118282297534,2,1
-0.6938091019110371,0.5438775580354249,1.0303564868290778,-1.2157768674919593,-1.110162923186827,1.317949812752262,0.5776900790850114,0.0,-1.0322857947906043,0,0
-0.6321548026905182,0.5438775580354249,1.5982580157813042,1.27205691185771,-0.9410429937610605,1.317949812752262,2.4903456141039486,0.0,-0.8920581616772418,0,0
-0.9647490572523223,0.5438775580354249,1.35487164623035,0.028140022182875413,-1.2229095428040047,1.317949812752262,1.3852557494263402,0.0,-1.1851908763599666,0,0
1.8453769478588369,-1.8386491320071456,1.35487164623035,0.028140022182875413,-1.3356561624211825,1.317949812752262,0.40767625374999467,0.0,-1.2784848134830546,0,0
0.5548507768046747,0.5438775580354249,0.21906858832589726,1.27205691185771,1.5393826378168485,0.4373546956780092,0.5776900790850114,0.0,-0.6768077848233575,2,1
-0.6538208380035238,0.5438775580354249,-1.4035072086804639,0.028140022182875413,1.3702627083910819,0.4373546956780092,0.40767625374999467,0.0,0.200020052631556,2,1
-1.124702112882376,-1.8386491320071456,-0.024317781225056893,1.27205691185771,0.5810363710708382,0.4373546956780092,-1.108280355487237,0.0,-0.8094473813406816,1,1
-0.7390192009679853,0.5438775580354249,0.6247125375774875,1.27205691185771,0.6937829906880159,0.4373546956780092,-1.4483080061572702,0.0,-0.26156758649648776,2,1
-0.5767300611921318,-1.8386491320071456,-0.5110905203269652,0.028140022182875413,-0.9410429937610605,-0.4432404213962434,0.42184407252791273,0.0,-1.0856452572640287,0,0
0.07389227619884298,0.5438775580354249,-1.4035072086804639,1.27205691185771,1.313889398582493,0.4373546956780092,0.776039541975864,0.0,0.6939054885529944,2,1
-0.8404785418100726,0.5438775580354249,1.273742856380032,0.028140022182875413,-1.1665362329954159,1.317949812752262,-1.0232734428197285,0.0,-1.0032828033612793,0,0
-1.0393205276319695,0.5438775580354249,1.273742856380032,-1.2157768674919593,0.7501563004966046,-1.323835538470496,1.7536190376522096,0.0,1.488608958273658,2,1
2.581701509500622,-1.8386491320071456,-0.6733481000276013,1.27205691185771,0.4682897514536605,-0.4432404213962434,1.7536190376522096,0.0,0.13339176638037614,1,1
-0.47531652592153073,0.5438775580354249,-0.8356056797282374,-1.2157768674919593,0.6374096808794271,-0.4432404213962434,-0.04569394714338299,0.0,0.9658152533770283,2,1
-0.9339677132135491,0.5438775580354249,1.517129225930986,0.028140022182875413,-0.20818996624940558,-1.323835538470496,0.3793406161941586,0.0,0.4838802070744522,1,1
0.5843495648418323,0.5438775580354249,-0.3488329406263291,-1.2157768674919593,0.8629029201137823,-0.4432404213962434,-0.7682527048172036,0.0,0.6990896228670895,2,1
-0.09810764473209989,0.5438775580354249,0.7869701172781236,0.028140022182875413,0.35554313183648284,0.4373546956780092,0.7902073607537821,0.0,0.2745461435044559,1,1
-0.6532253655742021,0.5438775580354249,-0.9978632594288736,-1.2157768674919593,0.6374096808794271,-1.323835538470496,-0.7824205235951217,0.0,1.1322938066171715,2,1
-1.1186557774461885,0.5438775580354249,-0.7544768898779194,0.028140022182875413,-0.6591764447181163,-1.323835538470496,-0.8249239799288759,0.0,0.3378412233966473,1,1
0.5344672974932845,0.5438775580354249,-1.1601208391295097,-1.2157768674919593,-0.5464298251009386,-0.4432404213962434,1.6402764874288653,0.0,0.3403859293266277,1,1
0.36283382113423207,0.5438775580354249,1.111485276679396,0.028140022182875413,-0.9410429937610605,1.317949812752262,0.6343613541966835,0.0,-0.887258037312339,0,0
-0.6622032575855111,0.5438775580354249,1.436000436080668,0.028140022182875413,0.7501563004966046,-1.323835538470496,-0.2440434100342357,0.0,0.5808990407047051,2,1
1.0907301576225434,0.5438775580354249,1.0303564868290778,-1.2157768674919593,-0.26456327605799446,-0.4432404213962434,0.18099115330330584,0.0,0.4615461884294321,1,1
1.3958868748640725,0.5438775580354249,1.0303564868290778,1.27205691185771,1.1447694691567265,-1.323835538470496,-1.3633010934897618,0.0,1.701944405514237,2,1
0.8432884604537147,0.5438775580354249,1.111485276679396,1.27205691185771,-0.15181665644081674,-1.323835538470496,0.40767625374999467,0.0,0.5638336385626022,1,1
-0.8471203496755817,0.5438775580354249,-0.10544657107537495,0.028140022182875413,-0.8846696839524717,-1.323835538470496,-0.9666021677080564,0.0,1.4127823537061601,0,1
-0.0008166108952628982,-1.8386491320071456,0.9492276969787597,1.27205691185771,0.5246630612622494,0.4373546956780092,0.2518302471928961,0.0,-0.846437779713205,1,1
-0.4135706155580391,-1.8386491320071456,-0.5110905203269652,0.028140022182875413,0.8065296103051935,-1.323835538470496,-0.28654686636798987,0.0,2.01461810647819,2,1
0.08896230921782554,0.5438775580354249,-0.024317781225056893,0.028140022182875413,0.6374096808794271,-1.323835538470496,0.3368371598604044,0.0,-1.2748930404249432,2,1
-1.0140358521715485,0.5438775580354249,-0.42996173047664715,-1.2157768674919593,1.2575160887739043,-1.323835538470496,0.6343613541966835,0.0,0.15142743366077138,2,1
-1.0017599590132282,0.5438775580354249,0.8680989071284416,0.028140022182875413,0.299169822027894,-0.4432404213962434,0.6485291729746016,0.0,1.2234705688870469,1,1
1.1424904534020284,-1.8386491320071456,-1.4846359985307818,-1.2157768674919593,1.0883961593481377,0.4373546956780092,-0.47072851048092457,0.0,0.29846228314014794,2,1
2.196293431015149,0.5438775580354249,-0.42996173047664715,1.27205691185771,-0.771923064335294,-1.323835538470496,-1.2924619996001716,0.0,2.3471041607541343,0,1
0.6073439617279397,-1.8386491320071456,-1.5657647883811,-1.2157768674919593,0.41191644164507163,-0.4432404213962434,0.45017971008374885,0.0,0.3453575781355031,1,1
-1.059291756799983,0.5438775580354249,0.6247125375774875,-1.2157768674919593,0.8629029201137823,-0.4432404213962434,0.6626969917525196,0.0,0.4200039921258166,2,1
0.8669241353406301,0.5438775580354249,1.436000436080668,-1.2157768674919593,-1.110162923186827,1.317949812752262,1.7536190376522096,0.0,-1.047674353487901,0,0
-0.4997308955237124,0.5438775580354249,0.9492276969787597,0.028140022182875413,-1.2229095428040047,1.317949812752262,-1.4766436437131063,0.0,-0.8676146483779926,0,0
-0.964703251680836,0.5438775580354249,-0.5922193101772832,1.27205691185771,1.8212491868597926,0.4373546956780092,2.306163969991014,0.0,0.0017761963942314642,2,1
0.0390800418692779,0.5438775580354249,1.6793868056316221,0.028140022182875413,-0.6591764447181163,-0.4432404213962434,-0.598238879482187,0.0,0.03306020692175839,1,1
0.39269905374327985,0.5438775580354249,-1.4035072086804639,1.27205691185771,-1.3920294722297712,1.317949812752262,-0.3998894165913343,0.0,-1.219014472684818,0,0
0.7348208671742281,-1.8386491320071456,0.4624549578768514,1.27205691185771,-0.7155497545267051,-1.323835538470496,-1.0516090803755647,0.0,1.36750246056374,0,1
-1.022418271753536,0.5438775580354249,-1.0789920492791916,1.27205691185771,1.032022849539549,0.4373546956780092,-0.6124066982601051,0.0,-0.19876659940559066,2,1
-0.8806500280035312,0.5438775580354249,-0.7544768898779194,0.028140022182875413,0.5810363710708382,0.4373546956780092,0.7618717231979459,0.0,0.30502629320500724,1,1
-1.0700560660992564,-1.8386491320071456,0.21906858832589726,0.028140022182875413,-1.3356561624211825,1.317949812752262,0.039312965524125325,0.0,-1.2369733379753745,0,0
0.13124085169965255,-1.8386491320071456,-1.3223784188301457,0.028140022182875413,0.4682897514536605,-1.323835538470496,-0.14486867858880936,0.0,0.3241115876798611,1,1
-0.8472577663900406,0.5438775580354249,0.38132616802653335,-1.2157768674919593,-1.2792828526125937,1.317949812752262,1.9661363193209807,0.0,-0.8350198838905561,0,0
0.2380136388341472,0.5438775580354249,-1.4846359985307818,-1.2157768674919593,0.4682897514536605,0.4373546956780092,-1.108280355487237,0.0,-0.29038113301754476,1,1
0.14470768971661582,0.5438775580354249,0.7869701172781236,0.028140022182875413,1.2011427789653155,0.4373546956780092,-0.6690779733717773,0.0,-0.13407628336466754,2,1
-0.501013451525328,-1.8386491320071456,-1.728022368081736,1.27205691185771,1.1447694691567265,-1.323835538470496,1.2152419240913237,0.0,0.6034634653192403,2,1
-0.39611869282177037,0.5438775580354249,-0.42996173047664715,-1.2157768674919593,-0.8282963741438828,-1.323835538470496,-0.017358309587546885,0.0,0.23908922486237336,0,1
2.1972553480163604,0.5438775580354249,0.7058413274278056,-1.2157768674919593,0.5810363710708382,-0.4432404213962434,0.010977327968289218,0.0,1.2097460533029165,1,1
-0.1988799020018932,0.5438775580354249,-1.0789920492791916,-1.2157768674919593,0.01730327298494977,-0.4432404213962434,-1.4483080061572702,0.0,-0.34930361962160045,1,1
-0.7454777865475493,0.5438775580354249,0.21906858832589726,0.028140022182875413,-0.9974163035696494,1.317949812752262,1.1869062865354876,0.0,-1.1402437918401798,0,0
0.03243823400376885,-1.8386491320071456,1.1926140665297138,0.028140022182875413,0.6937829906880159,0.4373546956780092,1.6119408498730292,0.0,-0.2404163184949798,2,1
-0.8214692296432707,-1.8386491320071456,-0.6733481000276013,1.27205691185771,0.35554313183648284,-1.323835538470496,1.1585706489796515,0.0,1.530652927577551,1,1
-1.1597433750693724,0.5438775580354249,0.21906858832589726,1.27205691185771,1.3702627083910819,-1.323835538470496,0.3793406161941586,0.0,1.2586049191718078,2,1
-0.14679896722200453,0.5438775580354249,-1.4035072086804639,1.27205691185771,-1.5047760918469488,1.317949812752262,0.13848769696955168,0.0,-1.1705728976273821,0,0
-0.8819325840051466,0.5438775580354249,-0.024317781225056893,-1.2157768674919593,0.5810363710708382,0.4373546956780092,-0.7399170672613675,0.0,0.6219650646713221,1,1
-0.6644019250168519,0.5438775580354249,-0.3488329406263291,1.27205691185771,0.97564953973096,-1.323835538470496,-0.9949378052638925,0.0,1.4814535728870424,2,1
1.63462551345051,-1.8386491320071456,-0.6733481000276013,0.028140022182875413,0.9192762299223712,0.4373546956780092,-1.1649516305989092,0.0,0.5648269442978461,2,1
-0.39570644267839405,0.5438775580354249,1.273742856380032,0.028140022182875413,0.8629029201137823,-0.4432404213962434,1.1302350114238153,0.0,-0.7210175702406949,2,1
0.40048600089594566,0.5438775580354249,1.111485276679396,0.028140022182875413,-1.2792828526125937,1.317949812752262,0.05348078430204337,0.0,-0.8147287981752388,0,0
2.821081426087867,0.5438775580354249,1.6793868056316221,1.27205691185771,-1.2792828526125937,1.317949812752262,2.391170882658522,0.0,-1.1770677859013867,0,0
0.16541180802840963,0.5438775580354249,0.05681100862526116,0.028140022182875413,-0.43368320548376094,-0.4432404213962434,-0.8957630738184661,0.0,-0.994304650749165,1,1
-1.0461913633549098,0.5438775580354249,-0.5922193101772832,-1.2157768674919593,-1.5047760918469488,1.317949812752262,1.7536190376522096,0.0,-1.0316483382749453,0,0
-0.21903435345585176,0.5438775580354249,-0.7544768898779194,-1.2157768674919593,-1.3356561624211825,1.317949812752262,-0.6407423358159412,0.0,-1.2577380359613626,0,0
-1.08462223783189,0.5438775580354249,-1.2412496289798276,-1.2157768674919593,1.5393826378168485,0.4373546956780092,0.7335360856421099,0.0,0.5234972334994505,2,1
-0.3747732965091687,0.5438775580354249,0.7869701172781236,1.27205691185771,-0.9410429937610605,1.317949812752262,-0.6832457921496954,0.0,-0.9233984936639837,0,0
-0.7665025438597471,-1.8386491320071456,-0.024317781225056893,0.028140022182875413,-0.20818996624940558,-0.4432404213962434,0.20932679085914196,0.0,0.9109069507751955,1,1
-0.8560066305439181,0.5438775580354249,-1.4846359985307818,0.028140022182875413,-0.9410429937610605,1.317949812752262,-1.2499585432664175,0.0,-1.2638258736892232,0,0
0.5493999137978084,-1.8386491320071456,0.38132616802653335,1.27205691185771,-1.3356561624211825,1.317949812752262,-0.44239287292508844,0.0,-1.090373699771749,0,0
-0.4960664498048109,-1.8386491320071456,-1.0789920492791916,0.028140022182875413,1.4830093280082597,0.4373546956780092,-0.17320431614464546,0.0,0.14752077244432238,2,1
0.6043207940098457,-1.8386491320071456,-0.3488329406263291,1.27205691185771,-1.0537896133782383,1.317949812752262,-1.2641263620443355,0.0,-0.8812572418396285,0,0
-0.7166660820826857,0.5438775580354249,1.436000436080668,0.028140022182875413,1.032022849539549,-1.323835538470496,-0.9949378052638925,0.0,1.2981758644029031,2,1
-0.5478725511557819,0.5438775580354249,-0.5922193101772832,0.028140022182875413,1.0883961593481377,-1.323835538470496,-0.7965883423730398,0.0,2.2393356086128264,2,1
2.8099964777881894,0.5438775580354249,1.35487164623035,-1.2157768674919593,0.35554313183648284,0.4373546956780092,1.555269574761357,0.0,-0.36143833401607495,1,1
0.9257384891290003,0.5438775580354249,-0.8356056797282374,0.028140022182875413,0.41191644164507163,-0.4432404213962434,0.8610464546433724,0.0,0.13290279371173808,1,1
0.32298297394117753,-1.8386491320071456,0.05681100862526116,0.028140022182875413,-1.3920294722297712,1.317949812752262,0.7902073607537821,0.0,-1.218266933317057,0,0
2.2917064364210487,0.5438775580354249,0.9492276969787597,1.27205691185771,0.4682897514536605,-0.4432404213962434,-1.150783811820991,0.0,-0.10187832915806318,1,1
-0.9601226945322091,-1.8386491320071456,0.05681100862526116,1.27205691185771,1.5957559476254373,0.4373546956780092,0.5776900790850114,0.0,0.3991138508897595,2,1
-0.39332455296110796,0.5438775580354249,0.38132616802653335,0.028140022182875413,-1.0537896133782383,1.317949812752262,2.4478421577701943,0.0,-0.9819241699872074,0,0
1.8428118358556056,0.5438775580354249,-1.4035072086804639,-1.2157768674919593,-1.2792828526125937,1.317949812752262,1.2010741053134055,0.0,-0.9879864070517888,0,0
-1.0320374417656524,0.5438775580354249,-0.26770415077601106,1.27205691185771,-1.110162923186827,1.317949812752262,2.320331788768932,0.0,-1.0818537990323374,0,0
-0.031277315933632394,0.5438775580354249,-0.26770415077601106,-1.2157768674919593,0.97564953973096,0.4373546956780092,-0.44239287292508844,0.0,-0.9112125779429503,2,1
1.3618533352497737,0.5438775580354249,0.9492276969787597,-1.2157768674919593,0.24279651221930512,-1.323835538470496,-0.1590364973667274,0.0,2.4874649173165495,1,1
-1.0464661967838274,0.5438775580354249,1.0303564868290778,0.028140022182875413,0.5810363710708382,-1.323835538470496,-0.30071468514590793,0.0,-1.2613733301470489,1,1
-1.0995090485649277,0.5438775580354249,1.1926140665297138,-1.2157768674919593,0.24279651221930512,-1.323835538470496,-0.3573859602575801,0.0,1.7270868169210158,1,1
2.931335436655318,0.5438775580354249,-0.9978632594288736,1.27205691185771,-0.6591764447181163,-1.323835538470496,0.6910326293083557,0.0,1.5477976917758198,1,1
-0.4481538220301728,0.5438775580354249,-0.186575360925693,-1.2157768674919593,0.24279651221930512,-0.4432404213962434,-1.150783811820991,0.0,-1.2111729895223127,1,1
-0.9185312356226761,-1.8386491320071456,-0.5110905203269652,1.27205691185771,1.708502567242615,0.4373546956780092,1.073563736312143,0.0,0.33159722162278155,2,1
-0.2420745559134454,0.5438775580354249,0.7058413274278056,1.27205691185771,0.41191644164507163,0.4373546956780092,1.356920111870504,0.0,-0.06669021748041502,1,1
-0.9428997996533717,0.5438775580354249,-0.8356056797282374,0.028140022182875413,-0.8846696839524717,-1.323835538470496,-0.6124066982601051,0.0,-0.9641752301355426,0,1
-0.7125435806489214,-1.8386491320071456,-1.2412496289798276,1.27205691185771,-0.7155497545267051,-0.4432404213962434,-0.6265745170380231,0.0,-0.5955896805692009,0,0
0.19733829135433972,0.5438775580354249,-0.9167344695785554,-1.2157768674919593,-0.9974163035696494,1.317949812752262,0.039312965524125325,0.0,-0.9556246086001956,0,0
-1.0924091849845559,0.5438775580354249,0.38132616802653335,0.028140022182875413,-1.3356561624211825,1.317949812752262,-0.584071060704269,0.0,-0.974725263473017,0,0
2.1789331194218526,-1.8386491320071456,1.35487164623035,-1.2157768674919593,-1.0537896133782383,1.317949812752262,-0.04569394714338299,0.0,-1.1928045136192844,0,0
-0.8782223327147588,0.5438775580354249,0.38132616802653335,-1.2157768674919593,-0.6028031349095275,-0.4432404213962434,0.4360118913058308,0.0,0.8664104379291275,1,1
-0.8692444407034501,-1.8386491320071456,-0.10544657107537495,-1.2157768674919593,-1.1665362329954159,1.317949812752262,-0.8957630738184661,0.0,-1.0499323319891514,0,0
-0.5467274118686252,0.5438775580354249,1.436000436080668,0.028140022182875413,0.5810363710708382,-1.323835538470496,-1.0232734428197285,0.0,2.3482485104027266,1,1
0.6482483370651785,0.5438775580354249,-1.0789920492791916,-1.2157768674919593,-1.2792828526125937,1.317949812752262,-0.8957630738184661,0.0,-0.8287221207238036,0,0
0.9739259503325558,0.5438775580354249,0.4624549578768514,-1.2157768674919593,-1.3920294722297712,1.317949812752262,0.42184407252791273,0.0,0.9061989887980985,0,0
-1.0043250710164593,0.5438775580354249,-0.42996173047664715,-1.2157768674919593,0.6937829906880159,-1.323835538470496,0.8893820921992085,0.0,-1.2394233214512211,2,1
-0.4424739311658753,0.5438775580354249,1.6793868056316221,-1.2157768674919593,-0.771923064335294,-0.4432404213962434,-1.4766436437131063,0.0,0.10909929699447586,0,1
0.2681995104435988,-1.8386491320071456,0.4624549578768514,0.028140022182875413,-1.2229095428040047,1.317949812752262,-0.3715537790354982,0.0,-1.0678579164174444,0,0
-0.41650217213316043,0.5438775580354249,-0.3488329406263291,-1.2157768674919593,-1.0537896133782383,1.317949812752262,-0.4990641480367607,0.0,-1.1555350680170144,0,0
-0.20831584972806463,0.5438775580354249,1.273742856380032,0.028140022182875413,0.13004989260212746,-0.4432404213962434,1.0593959175342251,0.0,-0.08716306790501682,1,1
-0.07048688512587926,0.5438775580354249,0.8680989071284416,1.27205691185771,-1.0537896133782383,1.317949812752262,0.5493544415291752,0.0,-0.8977568693232546,0,0
-1.07001026052777,0.5438775580354249,-0.42996173047664715,0.028140022182875413,1.313889398582493,-1.323835538470496,0.13848769696955168,0.0,2.2213639429906307,2,1
-0.8517925179671813,-1.8386491320071456,0.6247125375774875,0.028140022182875413,1.652129257434026,0.4373546956780092,0.8043751795317001,0.0,-0.8463993787182857,2,1
0.2642144257242933,0.5438775580354249,0.05681100862526116,-1.2157768674919593,1.9903691162855592,0.4373546956780092,1.555269574761357,0.0,0.5044631403511556,2,1
-0.34367131346999163,-1.8386491320071456,-1.5657647883811,1.27205691185771,1.8776224966683814,0.4373546956780092,0.039312965524125325,0.0,0.6207951143594496,2,1
2.738264952840692,0.5438775580354249,-0.6733481000276013,0.028140022182875413,0.6374096808794271,0.4373546956780092,-0.017358309587546885,0.0,-0.5405738551815942,2,1
0.019933312988017145,0.5438775580354249,0.5435837477271694,-1.2157768674919593,1.0883961593481377,0.4373546956780092,-0.9524343489301383,0.0,0.6450824636126944,2,1
-0.16562505710286132,-1.8386491320071456,0.9492276969787597,1.27205691185771,1.4830093280082597,0.4373546956780092,1.3852557494263402,0.0,0.1147903244415046,2,1
-1.122137000879145,0.5438775580354249,1.0303564868290778,0.028140022182875413,-0.771923064335294,-0.4432404213962434,0.13848769696955168,0.0,0.43055146539696315,0,1
-0.6146570743827631,0.5438775580354249,-1.0789920492791916,1.27205691185771,-0.9410429937610605,1.317949812752262,-1.108280355487237,0.0,-0.8018900655405784,0,0
0.6335905541895722,0.5438775580354249,0.30019737817621533,1.27205691185771,0.6374096808794271,0.4373546956780092,-1.4483080061572702,0.0,0.061420621702768456,2,1
2.051410408404078,0.5438775580354249,-0.186575360925693,1.27205691185771,0.35554313183648284,0.4373546956780092,0.4360118913058308,0.0,-0.4692529673512853,1,1
0.5178398750437686,0.5438775580354249,1.111485276679396,-1.2157768674919593,1.3702627083910819,0.4373546956780092,-0.7115814297055314,0.0,0.4712206790827484,2,1
-1.1264427245988544,0.5438775580354249,-0.3488329406263291,-1.2157768674919593,1.2575160887739043,0.4373546956780092,2.1078145071001613,0.0,0.6314117094214509,2,1
-0.2642902580842863,0.5438775580354249,1.436000436080668,0.028140022182875413,-0.771923064335294,-0.4432404213962434,-1.1791194493768271,0.0,0.48652475559122266,0,1
1.6659565243471182,-1.8386491320071456,0.6247125375774875,0.028140022182875413,-0.9410429937610605,1.317949812752262,-0.30071468514590793,0.0,-1.2512201070904063,0,0
2.2946379929961696,0.5438775580354249,-1.3223784188301457,1.27205691185771,-1.2792828526125937,1.317949812752262,-0.03152612836546494,0.0,-0.9364189910079282,0,0
-0.6139241852389827,0.5438775580354249,1.35487164623035,0.028140022182875413,0.41191644164507163,-1.323835538470496,-1.5191471000468604,0.0,0.8576294104242654,1,1
-0.7355837831065151,0.5438775580354249,-0.5110905203269652,1.27205691185771,0.9192762299223712,0.4373546956780092,0.7335360856421099,0.0,0.741366558206826,2,1
-0.5235039871250864,0.5438775580354249,-0.26770415077601106,1.27205691185771,1.2575160887739043,-1.323835538470496,-0.314882503923826,0.0,-0.982587227166146,2,1
-1.0118371847402075,-1.8386491320071456,-0.5922193101772832,0.028140022182875413,-1.2229095428040047,1.317949812752262,0.30850152230456834,0.0,-0.8713267445535174,0,0
-1.0625897579469943,0.5438775580354249,-0.3488329406263291,0.028140022182875413,0.7501563004966046,-0.4432404213962434,2.4478421577701943,0.0,-0.6423620923808144,2,1
-0.7042985777813929,0.5438775580354249,1.273742856380032,1.27205691185771,0.8629029201137823,-1.323835538470496,-0.14486867858880936,0.0,1.7667908856011645,2,1
-0.6438810289910032,0.5438775580354249,0.8680989071284416,1.27205691185771,0.6937829906880159,-0.4432404213962434,-0.3573859602575801,0.0,0.9283077216062592,2,1
-0.9433120497967481,-1.8386491320071456,-0.3488329406263291,1.27205691185771,-0.9410429937610605,1.317949812752262,0.4360118913058308,0.0,-0.9787420075415679,0,0
-0.22901996803985858,0.5438775580354249,0.7058413274278056,0.028140022182875413,-1.3920294722297712,1.317949812752262,0.492683166417503,0.0,-1.1894457065970163,0,0
-0.26323672994010205,0.5438775580354249,-1.2412496289798276,1.27205691185771,-1.1665362329954159,1.317949812752262,-0.5699032419263509,0.0,-0.9650200520237655,0,0
-1.0929588518423912,0.5438775580354249,0.38132616802653335,-1.2157768674919593,0.6374096808794271,-0.4432404213962434,-1.2924619996001716,0.0,0.8502973804610219,2,1
0.6498057264957116,0.5438775580354249,-1.728022368081736,-1.2157768674919593,0.13004989260212746,-1.323835538470496,2.2211570573235058,0.0,0.7390727387769843,1,1
0.5559043049488587,0.5438775580354249,0.13793979847557922,0.028140022182875413,-0.26456327605799446,-0.4432404213962434,0.6768648105304377,0.0,0.581646580072466,1,1
-0.6050837099421327,0.5438775580354249,-0.10544657107537495,-1.2157768674919593,0.24279651221930512,-0.4432404213962434,-1.2216229057105814,0.0,-0.5409015436715716,1,1
-1.0981348814203398,0.5438775580354249,-1.728022368081736,-1.2157768674919593,0.4682897514536605,0.4373546956780092,-0.25821122881215375,0.0,-0.8912287001869867,1,1
0.13838652085151062,0.5438775580354249,0.30019737817621533,-1.2157768674919593,-1.2792828526125937,1.317949812752262,1.31441665553675,0.0,-0.9974432920672295,0,0
2.8302425403851212,0.5438775580354249,1.273742856380032,1.27205691185771,-0.9410429937610605,-0.4432404213962434,0.7618717231979459,0.0,-0.12038248857647268,0,0
-0.9926904558589468,-1.8386491320071456,-0.9978632594288736,-1.2157768674919593,-0.4900565152923498,-1.323835538470496,2.1219823258780792,0.0,2.356174475754054,1,1
-0.6038927650834898,-1.8386491320071456,-0.42996173047664715,1.27205691185771,0.24279651221930512,-0.4432404213962434,0.8185429983096182,0.0,-0.48258579278723945,1,1
0.4195869242057202,0.5438775580354249,-1.4846359985307818,1.27205691185771,-1.1665362329954159,1.317949812752262,0.3935084349720766,0.0,-1.0439622573123761,0,0
-0.588318870778158,0.5438775580354249,1.517129225930986,-1.2157768674919593,1.3702627083910819,0.4373546956780092,-1.2499585432664175,0.0,-0.6375005264240409,2,1
0.29357579704699227,0.5438775580354249,-1.6468935782314178,1.27205691185771,0.5810363710708382,-0.4432404213962434,0.8327108170875362,0.0,1.113845968657977,1,1
-1.170003823082297,0.5438775580354249,1.0303564868290778,-1.2157768674919593,0.4682897514536605,0.4373546956780092,2.2494926948793417,0.0,-0.9873259099391781,1,1
-0.9450526615132263,0.5438775580354249,-0.10544657107537495,0.028140022182875413,0.5246630612622494,-1.323835538470496,2.4620099765481123,0.0,1.9749447585939766,1,1
0.5822425085534638,-1.8386491320071456,1.1926140665297138,1.27205691185771,-0.771923064335294,-0.4432404213962434,0.3368371598604044,0.0,1.2372155650018004,0,1
-1.1171899991586278,0.5438775580354249,-0.5922193101772832,0.028140022182875413,-1.2229095428040047,1.317949812752262,0.5493544415291752,0.0,-1.070000691933937,0,0
0.3339763110978821,0.5438775580354249,1.0303564868290778,1.27205691185771,0.6374096808794271,0.4373546956780092,1.300248836758832,0.0,0.2326122570526646,2,1
-0.7218421116606342,-1.8386491320071456,0.7869701172781236,1.27205691185771,1.032022849539549,0.4373546956780092,-0.3715537790354982,0.0,-0.647817593725672,2,1
-0.48663050207863934,0.5438775580354249,0.21906858832589726,-1.2157768674919593,1.3702627083910819,0.4373546956780092,-0.853259617484712,0.0,-0.47634435107970186,2,1
-1.0413359727773652,0.5438775580354249,1.111485276679396,1.27205691185771,1.5957559476254373,0.4373546956780092,0.13848769696955168,0.0,-0.9911276084361813,2,1
-0.9275549332054713,0.5438775580354249,-1.728022368081736,-1.2157768674919593,1.1447694691567265,-1.323835538470496,-1.0374412615976467,0.0,0.7473033520213379,2,1
-1.0928672406994187,0.5438775580354249,-0.26770415077601106,-1.2157768674919593,0.4682897514536605,-1.323835538470496,-1.4341401873793522,0.0,2.3622955943441792,1,1
1.727015351138316,0.5438775580354249,-0.26770415077601106,1.27205691185771,-0.9974163035696494,1.317949812752262,0.7902073607537821,0.0,-1.2213185323799713,0,0
-0.8047501960507822,0.5438775580354249,0.21906858832589726,-1.2157768674919593,-1.44840278203836,1.317949812752262,-0.0740295846992191,0.0,-0.8974445412312448,0,0
-0.7919246360346268,0.5438775580354249,0.4624549578768514,1.27205691185771,1.708502567242615,0.4373546956780092,0.7193682668641919,0.0,0.5919815678383928,2,1
0.7033982451346471,-1.8386491320071456,1.5982580157813042,-1.2157768674919593,0.9192762299223712,0.4373546956780092,-0.584071060704269,0.0,-0.6494637163745428,2,1
-0.38549180023695584,0.5438775580354249,-1.4846359985307818,-1.2157768674919593,-0.6591764447181163,-1.323835538470496,-1.4483080061572702,0.0,1.4398166541292932,1,1
-0.5357340747119205,0.5438775580354249,-1.1601208391295097,-1.2157768674919593,-0.6028031349095275,-0.4432404213962434,0.6060257166408474,0.0,-0.5455762247864049,1,1
-0.4181511727066661,0.5438775580354249,-0.9978632594288736,0.028140022182875413,-0.9410429937610605,1.317949812752262,-0.05986176592130104,0.0,-1.1108209495330714,0,0
0.13215696312937789,0.5438775580354249,0.21906858832589726,-1.2157768674919593,1.032022849539549,0.4373546956780092,-1.1932872681547453,0.0,-0.6523745117894199,2,1
1.2622262172671372,0.5438775580354249,-0.3488329406263291,-1.2157768674919593,-1.2792828526125937,1.317949812752262,0.42184407252791273,0.0,-1.04119994574452,0,0
0.16953430946217407,0.5438775580354249,-1.3223784188301457,1.27205691185771,-1.110162923186827,1.317949812752262,0.3510049786383225,0.0,-0.814316627496439,0,0
-1.0484816419292233,0.5438775580354249,-1.6468935782314178,0.028140022182875413,1.9339958064769704,0.4373546956780092,0.010977327968289218,0.0,-0.8211084834644855,2,1
0.06193702204092652,0.5438775580354249,0.5435837477271694,-1.2157768674919593,-1.110162923186827,1.317949812752262,-1.1649516305989092,0.0,-0.8493716157250337,0,0
1.141436925257844,0.5438775580354249,-0.8356056797282374,0.028140022182875413,-1.3356561624211825,1.317949812752262,-1.391636731045598,0.0,-1.018118387731739,0,0
-0.22851610675350967,0.5438775580354249,1.436000436080668,0.028140022182875413,-1.2792828526125937,1.317949812752262,-1.2499585432664175,0.0,-0.840511226164005,0,0
0.43112992822026003,0.5438775580354249,1.517129225930986,-1.2157768674919593,1.032022849539549,0.4373546956780092,0.6768648105304377,0.0,0.0929631989294182,2,1
0.021948758133413,0.5438775580354249,-1.2412496289798276,0.028140022182875413,-1.3920294722297712,1.317949812752262,0.4360118913058308,0.0,-1.1837188382213963,0,0
-0.965207112967185,0.5438775580354249,-0.5922193101772832,0.028140022182875413,0.8065296103051935,-1.323835538470496,-1.2641263620443355,0.0,0.9659637372240493,2,1
-1.051642226361776,-1.8386491320071456,-0.26770415077601106,0.028140022182875413,1.032022849539549,0.4373546956780092,-0.38572159781341625,0.0,0.06768510400725776,2,1
0.3427251752517598,0.5438775580354249,-0.186575360925693,-1.2157768674919593,1.7648758770512039,0.4373546956780092,0.36517279741624054,0.0,0.5415789819737487,2,1
1.8831207387635231,-1.8386491320071456,0.5435837477271694,-1.2157768674919593,0.97564953973096,-1.323835538470496,1.8952972254313905,0.0,2.1652396088830215,2,1
1.3705105882606787,0.5438775580354249,-0.9167344695785554,-1.2157768674919593,1.5393826378168485,0.4373546956780092,-1.3066298183780896,0.0,0.025403048534865368,2,1
-0.7730985461537699,-1.8386491320071456,0.9492276969787597,1.27205691185771,-1.5047760918469488,1.317949812752262,2.391170882658522,0.0,-0.8501882768836492,0,0
-0.8684199404166971,0.5438775580354249,0.21906858832589726,1.27205691185771,-1.44840278203836,1.317949812752262,0.5351866227512572,0.0,-1.1861841820952104,0,0
-0.7475848428359178,0.5438775580354249,0.4624549578768514,-1.2157768674919593,-0.8846696839524717,-0.4432404213962434,0.30850152230456834,0.0,1.2218705274320791,0,1
-0.9880640931388336,-1.8386491320071456,0.7058413274278056,0.028140022182875413,1.8212491868597926,0.4373546956780092,-0.86742743626263,0.0,0.2474888024843715,2,1
-0.2969038249825102,-1.8386491320071456,-0.42996173047664715,1.27205691185771,1.9339958064769704,0.4373546956780092,0.492683166417503,0.0,0.017474523117209737,2,1
0.1577164720187163,0.5438775580354249,-0.8356056797282374,0.028140022182875413,1.8212491868597926,0.4373546956780092,0.02514514674620727,0.0,0.4551921038034646,2,1
0.3893552470247821,-1.8386491320071456,-0.7544768898779194,0.028140022182875413,-0.9974163035696494,1.317949812752262,-0.4282250541471704,0.0,-0.9474221560854497,0,0
-0.7256897796654809,0.5438775580354249,1.0303564868290778,1.27205691185771,-0.9974163035696494,1.317949812752262,-1.0091056240418106,0.0,-1.072181868445349,0,0
-1.0504512815031328,-1.8386491320071456,-1.0789920492791916,1.27205691185771,-0.26456327605799446,-1.323835538470496,-0.22987559125631768,0.0,2.1875301064004664,1,1
-1.0584214509417438,-1.8386491320071456,1.1926140665297138,1.27205691185771,0.01730327298494977,-1.323835538470496,2.2353248761014237,0.0,1.70217737155008,1,1
-0.5921207332115185,0.5438775580354249,0.38132616802653335,-1.2157768674919593,0.41191644164507163,0.4373546956780092,-0.6265745170380231,0.0,0.260458098501757,1,1
0.6193450214573424,0.5438775580354249,-0.9167344695785554,-1.2157768674919593,0.8629029201137823,-0.4432404213962434,0.747703904420028,0.0,-0.1835879661471858,2,1
1.2100536713442762,-1.8386491320071456,1.436000436080668,0.028140022182875413,-0.20818996624940558,-0.4432404213962434,-0.6549101545938593,0.0,-0.28065032090501363,1,1
2.715911833955392,0.5438775580354249,1.436000436080668,-1.2157768674919593,-1.110162923186827,1.317949812752262,2.1219823258780792,0.0,-1.2101259223941818,0,0
-0.3863163005237087,0.5438775580354249,-1.0789920492791916,1.27205691185771,1.313889398582493,-1.323835538470496,-1.2499585432664175,0.0,0.4481007200750481,2,1
-0.4786603326400284,0.5438775580354249,0.6247125375774875,0.028140022182875413,0.5810363710708382,-1.323835538470496,-0.05986176592130104,0.0,0.44870233566211604,1,1
-1.079675236111373,0.5438775580354249,-0.9978632594288736,0.028140022182875413,-0.9410429937610605,1.317949812752262,0.4785153476395849,0.0,-1.0629681897310637,0,0
-0.6655012587325224,0.5438775580354249,-0.9167344695785554,-1.2157768674919593,0.07367658279353861,-1.323835538470496,-0.25821122881215375,0.0,1.8228588982495582,1,1
0.29765249290927026,-1.8386491320071456,0.9492276969787597,0.028140022182875413,-0.7155497545267051,-0.4432404213962434,-1.0799447179314008,0.0,0.35832943421921665,0,1
-0.4950129216606266,0.5438775580354249,1.35487164623035,0.028140022182875413,1.2575160887739043,0.4373546956780092,0.7902073607537821,0.0,-0.7583919785624106,2,1
1.4176445213200506,-1.8386491320071456,-1.3223784188301457,-1.2157768674919593,-1.1665362329954159,1.317949812752262,-0.7540848860392856,0.0,-1.2086052429953806,0,0
-0.3476563981892971,0.5438775580354249,0.9492276969787597,0.028140022182875413,1.708502567242615,0.4373546956780092,-0.881595255040548,0.0,0.6551665648784821,2,1
-0.8196370067838199,0.5438775580354249,1.6793868056316221,0.028140022182875413,-1.3356561624211825,1.317949812752262,0.12431987819163363,0.0,-1.1356689533121365,0,0
0.28436887717825216,-1.8386491320071456,1.6793868056316221,0.028140022182875413,-1.3356561624211825,1.317949812752262,-0.839091798706794,0.0,-1.0070179401337558,0,0
-0.7152919149380975,0.5438775580354249,0.05681100862526116,1.27205691185771,1.032022849539549,0.4373546956780092,0.2801658847487322,0.0,-1.0181542286603305,2,1
1.524417308454545,0.5438775580354249,-1.3223784188301457,1.27205691185771,0.97564953973096,0.4373546956780092,1.286081017980914,0.0,-0.7837417553417536,2,1
-0.14157713207256972,-1.8386491320071456,0.6247125375774875,0.028140022182875413,-1.110162923186827,1.317949812752262,1.1302350114238153,0.0,-0.8285761969431105,0,0
1.8079996015260404,0.5438775580354249,0.7869701172781236,1.27205691185771,1.5393826378168485,0.4373546956780092,-0.5273997855925968,0.0,-0.7104265758419731,2,1
-0.8055746963375352,0.5438775580354249,1.436000436080668,1.27205691185771,-0.3773098956751721,-1.323835538470496,0.5351866227512572,0.0,0.2113329857347592,1,1
-0.29749929741183184,0.5438775580354249,1.111485276679396,0.028140022182875413,-1.110162923186827,1.317949812752262,-1.4908114624910243,0.0,-1.203549111997683,0,0
0.21946238238220792,-1.8386491320071456,-1.5657647883811,0.028140022182875413,1.8776224966683814,0.4373546956780092,0.08181642185787948,0.0,-0.8152459315734841,2,1
-0.2533427264990678,0.5438775580354249,1.517129225930986,1.27205691185771,1.313889398582493,0.4373546956780092,2.377003063880604,0.0,-0.606211395763858,2,1
-1.137756700755963,0.5438775580354249,0.7058413274278056,-1.2157768674919593,-1.2792828526125937,1.317949812752262,0.30850152230456834,0.0,-1.0203174847074465,0,0
2.2279908864836475,-1.8386491320071456,-0.42996173047664715,1.27205691185771,-1.44840278203836,1.317949812752262,-0.14486867858880936,0.0,-1.0436422490213826,0,0
-1.1019367438537,0.5438775580354249,-1.6468935782314178,-1.2157768674919593,0.6937829906880159,-1.323835538470496,-1.0657768991534828,0.0,1.5028890082509525,2,1
0.15583844358777937,0.5438775580354249,-0.024317781225056893,1.27205691185771,0.01730327298494977,-1.323835538470496,-1.1791194493768271,0.0,2.4400166479943577,1,1
1.3689990044016322,-1.8386491320071456,-1.4035072086804639,0.028140022182875413,-1.2792828526125937,1.317949812752262,-0.6549101545938593,0.0,-1.0932614545896746,0,0
-0.8420359312406058,-1.8386491320071456,0.30019737817621533,1.27205691185771,-1.110162923186827,1.317949812752262,-0.8107561611509578,0.0,-0.7945119543834318,0,0
0.4089600316209056,0.5438775580354249,1.273742856380032,0.028140022182875413,-0.03907003682363907,-1.323835538470496,-1.5191471000468604,0.0,2.043818223014767,1,1
-1.141833396618241,0.5438775580354249,0.30019737817621533,-1.2157768674919593,-0.26456327605799446,-1.323835538470496,0.36517279741624054,0.0,0.8775672069863257,1,1
1.298870674456153,0.5438775580354249,-0.5110905203269652,0.028140022182875413,0.01730327298494977,-1.323835538470496,2.1644857822118335,0.0,-1.1968417382184589,1,1
0.03344595657646665,0.5438775580354249,-1.4846359985307818,-1.2157768674919593,1.0883961593481377,-1.323835538470496,0.08181642185787948,0.0,0.8597849862723979,2,1
-0.03979715223007849,0.5438775580354249,0.30019737817621533,-1.2157768674919593,1.708502567242615,0.4373546956780092,1.1727384677575694,0.0,-0.6276212304644887,2,1
-1.0649716476642803,0.5438775580354249,0.9492276969787597,0.028140022182875413,0.5246630612622494,-0.4432404213962434,-0.1307008598108913,0.0,0.39893720631313095,1,1
0.7868101908111443,0.5438775580354249,-0.6733481000276013,-1.2157768674919593,1.2011427789653155,-1.323835538470496,-0.8107561611509578,0.0,1.750119733673566,2,1
-0.6375140545544117,-1.8386491320071456,0.05681100862526116,0.028140022182875413,-0.32093658586658325,-1.323835538470496,0.09598424063579754,0.0,0.4335109020720714,1,1
-0.4170060334195093,0.5438775580354249,0.38132616802653335,1.27205691185771,0.8629029201137823,-0.4432404213962434,2.377003063880604,0.0,-0.777249427134077,2,1
0.14814310757808605,0.5438775580354249,-1.4846359985307818,-1.2157768674919593,1.1447694691567265,0.4373546956780092,-0.7824205235951217,0.0,-0.5020448569459738,2,1
-0.6021063477955253,0.5438775580354249,-0.10544657107537495,-1.2157768674919593,-1.3356561624211825,1.317949812752262,0.2943337035266503,0.0,-1.253951697862327,0,0
1.1454220099771495,-1.8386491320071456,-0.5110905203269652,0.028140022182875413,1.0883961593481377,-1.323835538470496,-0.8957630738184661,0.0,1.6310331282964,2,1
1.1326880611039667,-1.8386491320071456,-1.4846359985307818,0.028140022182875413,-1.110162923186827,1.317949812752262,-0.25821122881215375,0.0,-1.0223706579024612,0,0
-0.9836667582761517,0.5438775580354249,-0.9167344695785554,0.028140022182875413,-0.8846696839524717,-0.4432404213962434,-0.017358309587546885,0.0,0.10892265241784731,0,0
1.6052183365563246,0.5438775580354249,-1.4846359985307818,-1.2157768674919593,-0.7155497545267051,-1.323835538470496,-0.4990641480367607,0.0,1.1722206010678518,0,1
-0.7555092067030423,0.5438775580354249,-1.2412496289798276,1.27205691185771,1.8212491868597926,0.4373546956780092,0.08181642185787948,0.0,-1.0411461843516332,2,1
0.21341604694602034,0.5438775580354249,1.5982580157813042,0.028140022182875413,-1.2792828526125937,1.317949812752262,-1.2641263620443355,0.0,-0.8365200827587338,0,0
1.8869226011968832,0.5438775580354249,0.13793979847557922,-1.2157768674919593,-1.3920294722297712,1.317949812752262,0.30850152230456834,0.0,-1.0540130777159007,0,0
0.06276152232767941,-1.8386491320071456,1.0303564868290778,-1.2157768674919593,-1.3920294722297712,1.317949812752262,0.2801658847487322,0.0,-1.2367762128681226,0,0
-0.04080487480277642,0.5438775580354249,-0.42996173047664715,0.028140022182875413,-0.43368320548376094,-0.4432404213962434,-0.5699032419263509,0.0,1.2034022089422607,1,1
-1.0176544923189637,0.5438775580354249,-1.2412496289798276,1.27205691185771,-1.44840278203836,1.317949812752262,-0.6832457921496954,0.0,-1.0783541883620322,0,0
0.3169366385049897,-1.8386491320071456,0.4624549578768514,1.27205691185771,-1.5047760918469488,1.317949812752262,0.2518302471928961,0.0,-1.2315383171611407,0,0
0.5366201593531392,0.5438775580354249,1.0303564868290778,-1.2157768674919593,0.8629029201137823,-1.323835538470496,0.2943337035266503,0.0,0.8933832967603899,2,1
2.5772125634949674,0.5438775580354249,1.5982580157813042,-1.2157768674919593,-1.110162923186827,1.317949812752262,-1.3207976371560077,0.0,-0.8438777133852569,0,0
-1.1123346085810832,0.5438775580354249,1.111485276679396,-1.2157768674919593,0.24279651221930512,-0.4432404213962434,0.7618717231979459,0.0,0.7358572954690815,1,1
-0.9146377620463433,0.5438775580354249,-1.0789920492791916,-1.2157768674919593,-0.26456327605799446,-0.4432404213962434,-0.6407423358159412,0.0,-1.2489518883238442,1,1
0.11644565210958735,0.5438775580354249,0.05681100862526116,1.27205691185771,-0.43368320548376094,-0.4432404213962434,2.2494926948793417,0.0,0.4496470001371288,1,1
0.9910572340684207,0.5438775580354249,-0.5110905203269652,1.27205691185771,-0.6028031349095275,-1.323835538470496,0.7618717231979459,0.0,-1.2422189138813404,1,1
-0.29255229569131463,0.5438775580354249,1.0303564868290778,-1.2157768674919593,0.8065296103051935,0.4373546956780092,0.2943337035266503,0.0,-0.5329474175906365,2,1
-0.4023940561153893,0.5438775580354249,-1.4846359985307818,-1.2157768674919593,-1.5047760918469488,1.317949812752262,1.1869062865354876,0.0,-0.9157976567363056,0,0
-1.1681257946513597,0.5438775580354249,1.273742856380032,1.27205691185771,1.9903691162855592,0.4373546956780092,-0.839091798706794,0.0,0.12047111162322177,2,1
-0.9891176212830177,0.5438775580354249,-1.3223784188301457,-1.2157768674919593,0.5810363710708382,-1.323835538470496,-1.1649516305989092,0.0,-0.9181605979570017,1,1
-0.8150106440637067,0.5438775580354249,1.0303564868290778,1.27205691185771,0.9192762299223712,-1.323835538470496,0.5351866227512572,0.0,-0.8405675476232197,2,1
-0.39790511010973495,-1.8386491320071456,1.1926140665297138,-1.2157768674919593,-1.2792828526125937,1.317949812752262,-1.5191471000468604,0.0,0.29909461952315125,0,0
1.0524825054315086,-1.8386491320071456,1.0303564868290778,-1.2157768674919593,0.1864232024107163,-0.4432404213962434,0.15265551574746974,0.0,-0.7921157323004722,1,1
-0.49794447823574794,0.5438775580354249,0.7869701172781236,0.028140022182875413,0.7501563004966046,0.4373546956780092,-0.8957630738184661,0.0,-0.7453458805551866,2,1
-0.4228691465697519,0.5438775580354249,-0.9978632594288736,-1.2157768674919593,0.9192762299223712,-1.323835538470496,0.6060257166408474,0.0,1.5196369621683896,2,1
0.05433329717420564,0.5438775580354249,0.30019737817621533,-1.2157768674919593,0.4682897514536605,0.4373546956780092,-0.7965883423730398,0.0,-0.7670142819549403,1,1
1.7429098844440516,0.5438775580354249,-0.42996173047664715,-1.2157768674919593,0.35554313183648284,0.4373546956780092,2.2494926948793417,0.0,0.02116869882843906,1,1
-0.1835808411254791,-1.8386491320071456,0.6247125375774875,1.27205691185771,0.13004989260212746,-0.4432404213962434,0.26599806597081416,0.0,-1.1410655731314512,1,1
0.7383020906071845,0.5438775580354249,-0.10544657107537495,-1.2157768674919593,0.07367658279353861,-1.323835538470496,-0.1307008598108913,0.0,1.5132675171444547,1,1
0.16119769545167276,-1.8386491320071456,0.05681100862526116,-1.2157768674919593,0.07367658279353861,-0.4432404213962434,0.492683166417503,0.0,-1.0622948922868132,1,1
-0.02491034149704084,0.5438775580354249,1.517129225930986,-1.2157768674919593,0.6937829906880159,0.4373546956780092,0.8327108170875362,0.0,-0.6500371712320031,2,1
-0.33107478131126744,0.5438775580354249,1.5982580157813042,1.27205691185771,-1.3356561624211825,1.317949812752262,-0.3715537790354982,0.0,-0.9092182862734787,0,0
-1.0218227993242144,0.5438775580354249,1.436000436080668,1.27205691185771,-1.0537896133782383,-0.4432404213962434,1.5269339372055208,0.0,-0.472921542399235,0,0
-0.5412307432902728,-1.8386491320071456,-1.1601208391295097,0.028140022182875413,-1.2792828526125937,1.317949812752262,-1.0657768991534828,0.0,-1.2530531145812174,0,0
-0.981513896416297,0.5438775580354249,-0.5922193101772832,1.27205691185771,-1.5047760918469488,1.317949812752262,0.3793406161941586,0.0,-0.18928411372687057,0,0
-0.9298910173512711,0.5438775580354249,-1.4846359985307818,0.028140022182875413,1.4266360181996707,0.4373546956780092,0.1668233345253878,0.0,-0.13318026014988568,2,1
-1.1256640298835876,0.5438775580354249,-1.3223784188301457,0.028140022182875413,0.35554313183648284,-0.4432404213962434,-0.34321814147966206,0.0,-0.5403690498753583,1,1
0.881032251358401,0.5438775580354249,-0.9167344695785554,1.27205691185771,1.2575160887739043,0.4373546956780092,-0.9807699864859745,0.0,-1.043181437082352,2,1
0.1867113987695252,0.5438775580354249,0.30019737817621533,1.27205691185771,-0.32093658586658325,-1.323835538470496,0.6060257166408474,0.0,-0.9317724706227023,1,1
1.955493541711829,0.5438775580354249,-0.186575360925693,0.028140022182875413,-0.7155497545267051,-1.323835538470496,-0.18737213492256352,0.0,0.31563264800169666,0,1
0.27071881687534366,0.5438775580354249,0.6247125375774875,-1.2157768674919593,1.8776224966683814,0.4373546956780092,-0.3715537790354982,0.0,-0.2116718937647775,2,1
-0.1515169410850903,-1.8386491320071456,-1.4035072086804639,0.028140022182875413,1.652129257434026,0.4373546956780092,-0.1307008598108913,0.0,-0.2556435930136158,2,1
-0.18692464784397675,0.5438775580354249,-1.4035072086804639,-1.2157768674919593,-0.15181665644081674,-1.323835538470496,2.561184707993539,0.0,1.3726968351431472,1,1
-1.0966691031327789,0.5438775580354249,-0.9978632594288736,-1.2157768674919593,1.652129257434026,0.4373546956780092,0.4360118913058308,0.0,0.44813912106996745,2,1
1.0767594583192315,0.5438775580354249,0.30019737817621533,1.27205691185771,1.8776224966683814,0.4373546956780092,0.506850985195421,0.0,-0.6858089780324234,2,1
-0.17758031126077778,0.5438775580354249,-1.5657647883811,0.028140022182875413,-1.2229095428040047,1.317949812752262,1.7536190376522096,0.0,-1.1922720198230712,0,0
0.7571739860595277,-1.8386491320071456,-1.728022368081736,0.028140022182875413,-1.0537896133782383,1.317949812752262,-0.14486867858880936,0.0,-0.9381342354476536,0,0
1.6323810404476828,0.5438775580354249,1.517129225930986,-1.2157768674919593,0.9192762299223712,0.4373546956780092,0.5351866227512572,0.0,-0.4663652125333598,2,1
-0.8382798743787317,0.5438775580354249,-0.186575360925693,1.27205691185771,1.3702627083910819,-1.323835538470496,-0.7115814297055314,0.0,0.23539248908481625,2,1
-0.8680534958448071,0.5438775580354249,-0.8356056797282374,1.27205691185771,0.8065296103051935,-0.4432404213962434,-1.1791194493768271,0.0,0.21124850354593672,2,1
-1.0531538102208227,0.5438775580354249,-0.42996173047664715,-1.2157768674919593,0.97564953973096,0.4373546956780092,-1.0799447179314008,0.0,-0.8770459327301536,2,1
-1.0926382128419871,0.5438775580354249,0.13793979847557922,1.27205691185771,0.1864232024107163,-0.4432404213962434,0.506850985195421,0.0,-0.35003579859139367,1,1
0.27987993117259763,0.5438775580354249,-0.10544657107537495,-1.2157768674919593,0.5246630612622494,-0.4432404213962434,0.06764860307996143,0.0,-0.5387152470275037,1,1
-0.35480206734115516,0.5438775580354249,0.13793979847557922,1.27205691185771,-0.26456327605799446,-1.323835538470496,0.7618717231979459,0.0,1.6807777771147612,1,1
-1.1127010531529735,0.5438775580354249,-0.10544657107537495,-1.2157768674919593,-0.43368320548376094,-0.4432404213962434,1.271913199202996,0.0,-0.6054484959981293,1,1
0.4974105901608924,0.5438775580354249,0.8680989071284416,-1.2157768674919593,-1.110162923186827,1.317949812752262,0.8043751795317001,0.0,-1.031016001891942,0,0
0.030926650144721766,0.5438775580354249,-0.9978632594288736,0.028140022182875413,1.4830093280082597,0.4373546956780092,-1.4624758249351881,0.0,0.4852703230905281,2,1
-0.9254478769171028,0.5438775580354249,-1.728022368081736,0.028140022182875413,-0.6028031349095275,-0.4432404213962434,0.2943337035266503,0.0,-0.04027545310864568,1,1
-1.0326787197664604,0.5438775580354249,1.517129225930986,-1.2157768674919593,-1.3920294722297712,1.317949812752262,-1.4766436437131063,0.0,-1.0502216194842096,0,0
-1.1503074273432008,0.5438775580354249,1.517129225930986,0.028140022182875413,-1.3356561624211825,1.317949812752262,-0.18737213492256352,0.0,-0.9767656363363918,0,0
-0.35933681891829594,0.5438775580354249,1.517129225930986,1.27205691185771,-0.6028031349095275,-0.4432404213962434,-0.30071468514590793,0.0,0.8623885737279211,1,1
-1.0111501011679136,0.5438775580354249,-1.0789920492791916,0.028140022182875413,0.4682897514536605,-1.323835538470496,0.6768648105304377,0.0,1.847970588860402,1,1
-0.756104679132364,0.5438775580354249,0.6247125375774875,0.028140022182875413,0.35554313183648284,-1.323835538470496,0.776039541975864,0.0,1.0598464896025654,1,1
-0.5452158280095782,0.5438775580354249,-0.8356056797282374,0.028140022182875413,0.7501563004966046,-0.4432404213962434,-1.0657768991534828,0.0,-0.6321679082629248,2,1
-0.002282389182823757,0.5438775580354249,-0.26770415077601106,0.028140022182875413,1.3702627083910819,0.4373546956780092,-0.28654686636798987,0.0,0.60694515552525,2,1
-0.9194473470524015,0.5438775580354249,-1.4035072086804639,0.028140022182875413,-0.4900565152923498,-1.323835538470496,-0.14486867858880936,0.0,1.5418864986245875,1,1
-0.6354986094090158,0.5438775580354249,-0.6733481000276013,-1.2157768674919593,0.299169822027894,-0.4432404213962434,-0.9807699864859745,0.0,0.7362208248876502,1,1
-0.5449868001521468,-1.8386491320071456,1.0303564868290778,1.27205691185771,1.2011427789653155,-1.323835538470496,0.010977327968289218,0.0,0.7542283314384376,2,1
2.5511033877477933,-1.8386491320071456,-1.6468935782314178,-1.2157768674919593,0.5246630612622494,-1.323835538470496,-0.9099308925963842,0.0,2.5177453818435214,1,1
-0.08642722400310106,0.5438775580354249,-1.0789920492791916,-1.2157768674919593,1.3702627083910819,-1.323835538470496,-0.7115814297055314,0.0,2.146702168602349,2,1
1.9610360158616678,0.5438775580354249,0.13793979847557922,-1.2157768674919593,-1.3356561624211825,1.317949812752262,-1.2499585432664175,0.0,-1.1710106689694613,0,0
2.848152518836253,0.5438775580354249,-1.0789920492791916,-1.2157768674919593,0.8629029201137823,-0.4432404213962434,0.2801658847487322,0.0,-0.03749010094383801,2,1
0.09033647636241368,0.5438775580354249,-1.5657647883811,0.028140022182875413,1.313889398582493,-1.323835538470496,-1.4766436437131063,0.0,0.98351811203479,2,1
-1.1363825336113749,0.5438775580354249,-0.024317781225056893,-1.2157768674919593,1.9339958064769704,0.4373546956780092,1.1302350114238153,0.0,-0.2703921351289253,2,1
1.7435511624448592,0.5438775580354249,-1.1601208391295097,1.27205691185771,1.1447694691567265,0.4373546956780092,1.2435775616471598,0.0,-0.2437085637927211,2,1
-0.7039779387809889,0.5438775580354249,1.1926140665297138,0.028140022182875413,0.35554313183648284,-1.323835538470496,0.8468786358654543,0.0,1.6096002529988171,1,1
1.1394672856839347,0.5438775580354249,-0.9167344695785554,0.028140022182875413,0.41191644164507163,0.4373546956780092,0.9035499109771266,0.0,0.06317170707108506,1,1
0.5268635726265638,0.5438775580354249,0.21906858832589726,-1.2157768674919593,0.07367658279353861,-1.323835538470496,-0.3998894165913343,0.0,-0.965493664294436,1,1
-1.1111436637224403,0.5438775580354249,1.5982580157813042,0.028140022182875413,0.299169822027894,-0.4432404213962434,-1.1649516305989092,0.0,-0.6720588617850135,1,1
-1.11618227658593,0.5438775580354249,0.13793979847557922,0.028140022182875413,-0.09544334663222791,-0.4432404213962434,-0.30071468514590793,0.0,-1.0448531603945022,1,1
-0.8420359312406058,0.5438775580354249,-0.5110905203269652,-1.2157768674919593,0.6374096808794271,0.4373546956780092,-0.25821122881215375,0.0,-0.5805441707598494,2,1
-0.25348014321352663,-1.8386491320071456,-0.9978632594288736,1.27205691185771,0.9192762299223712,-1.323835538470496,1.0877315550900613,0.0,1.8042088150504554,2,1
-0.4880046692232273,0.5438775580354249,-0.186575360925693,1.27205691185771,-0.20818996624940558,-1.323835538470496,1.2010741053134055,0.0,2.3732501181614687,1,1
-1.0679032042394017,0.5438775580354249,1.273742856380032,-1.2157768674919593,0.07367658279353861,-1.323835538470496,-1.2357907244884994,0.0,0.728755671475353,1,1
-0.9493125796614494,0.5438775580354249,-1.4035072086804639,0.028140022182875413,0.1864232024107163,-0.4432404213962434,0.3935084349720766,0.0,0.23967804011780147,1,1
2.1221342107788783,-1.8386491320071456,0.6247125375774875,-1.2157768674919593,-1.2792828526125937,1.317949812752262,-0.32905032270174406,0.0,-1.206761995239258,0,0
-0.5584536381691102,0.5438775580354249,-0.10544657107537495,1.27205691185771,-1.44840278203836,1.317949812752262,-0.25821122881215375,0.0,-1.028850185778498,0,0
-0.6406746389869643,0.5438775580354249,0.5435837477271694,-1.2157768674919593,-1.5047760918469488,1.317949812752262,2.547016889215621,0.0,-1.119033642313129,0,0
-0.7720450180095857,-1.8386491320071456,-0.5110905203269652,1.27205691185771,0.299169822027894,-0.4432404213962434,2.377003063880604,0.0,0.03715119291381973,1,1
-1.149849371628338,0.5438775580354249,-0.5110905203269652,-1.2157768674919593,-1.110162923186827,1.317949812752262,1.4560948433159306,0.0,-0.9753499196570365,0,0
-0.702466354921942,0.5438775580354249,-1.4846359985307818,-1.2157768674919593,-0.7155497545267051,-0.4432404213962434,-1.2216229057105814,0.0,0.35672939276424903,0,1
-0.45850588118606966,0.5438775580354249,0.5435837477271694,-1.2157768674919593,1.4266360181996707,0.4373546956780092,0.23766242841497806,0.0,-0.28070152223157263,2,1
1.137360229395566,0.5438775580354249,0.8680989071284416,-1.2157768674919593,1.313889398582493,0.4373546956780092,0.8468786358654543,0.0,-0.6593046113391757,2,1
-1.0341903036255071,0.5438775580354249,-0.26770415077601106,-1.2157768674919593,0.07367658279353861,-1.323835538470496,-0.8249239799288759,0.0,1.5138793729968343,1,1
-1.1416043687608095,0.5438775580354249,-1.6468935782314178,-1.2157768674919593,0.299169822027894,-1.323835538470496,0.6201935354187654,0.0,0.3005999385239848,1,1
0.088504253502963,-1.8386491320071456,0.8680989071284416,-1.2157768674919593,0.4682897514536605,0.4373546956780092,-0.6832457921496954,0.0,-0.8620951453749361,1,1
-0.5087545931065075,0.5438775580354249,0.05681100862526116,-1.2157768674919593,1.313889398582493,0.4373546956780092,1.6686121249847012,0.0,0.04970831825240545,2,1
0.5157786243268865,0.5438775580354249,-0.8356056797282374,1.27205691185771,-0.6028031349095275,-0.4432404213962434,-1.419972368601434,0.0,-0.02102887445513106,1,1
1.383427759419807,0.5438775580354249,-1.5657647883811,-1.2157768674919593,0.8629029201137823,-1.323835538470496,-0.34321814147966206,0.0,1.2143695330911908,2,1
0.7892836916714027,0.5438775580354249,-0.186575360925693,0.028140022182875413,-1.0537896133782383,1.317949812752262,1.3994235682042584,0.0,-1.123531678851334,0,0
-1.008172739021306,0.5438775580354249,1.517129225930986,0.028140022182875413,-0.6591764447181163,-1.323835538470496,0.1951589720812239,0.0,0.28590003766890626,1,1
-0.8139571159195226,-1.8386491320071456,0.8680989071284416,1.27205691185771,0.6937829906880159,0.4373546956780092,-1.37746891226768,0.0,-0.7350595340494908,2,1
-0.56963019761176,0.5438775580354249,-1.3223784188301457,0.028140022182875413,-0.4900565152923498,-0.4432404213962434,-0.25821122881215375,0.0,1.0783608892862868,1,1
-0.2431280840576297,0.5438775580354249,-1.1601208391295097,0.028140022182875413,0.5810363710708382,0.4373546956780092,-1.1649516305989092,0.0,0.42147603026438685,1,1
2.2633069820995617,0.5438775580354249,-1.2412496289798276,0.028140022182875413,1.8776224966683814,0.4373546956780092,-1.3066298183780896,0.0,0.008591092959229538,2,1
-1.1726147406570142,0.5438775580354249,-1.5657647883811,-1.2157768674919593,0.41191644164507163,-0.4432404213962434,-1.2499585432664175,0.0,-0.7406968001036327,1,1
0.0015652788220230423,0.5438775580354249,-0.10544657107537495,1.27205691185771,1.2575160887739043,-1.323835538470496,-1.2924619996001716,0.0,2.108301173683126,2,1
2.339848092053118,0.5438775580354249,1.35487164623035,-1.2157768674919593,1.032022849539549,-1.323835538470496,0.506850985195421,0.0,-0.8445970920234103,2,1
-0.34147264603865074,0.5438775580354249,1.1926140665297138,1.27205691185771,0.5246630612622494,-1.323835538470496,0.05348078430204337,0.0,-1.172106377357823,1,1
-0.33130380916869884,-1.8386491320071456,0.8680989071284416,1.27205691185771,0.5246630612622494,-1.323835538470496,-0.017358309587546885,0.0,1.0959203842296834,1,1
-0.5164041235447147,0.5438775580354249,-1.2412496289798276,0.028140022182875413,0.6937829906880159,-1.323835538470496,-1.2641263620443355,0.0,1.6442865916761873,2,1
-0.8443720153864056,0.5438775580354249,-0.6733481000276013,-1.2157768674919593,-0.26456327605799446,-1.323835538470496,-1.2641263620443355,0.0,1.9514894308973154,1,1
-1.0750030678197735,0.5438775580354249,-0.9167344695785554,0.028140022182875413,-0.03907003682363907,-1.323835538470496,-0.6549101545938593,0.0,0.6018762241959125,1,1
2.3868446083980306,0.5438775580354249,-1.5657647883811,0.028140022182875413,0.97564953973096,-1.323835538470496,-0.314882503923826,0.0,0.5019696357477341,2,1
2.4424983777538487,0.5438775580354249,0.21906858832589726,1.27205691185771,-0.9410429937610605,1.317949812752262,1.1018993738679792,0.0,-1.0534780238533596,0,0
2.3387029527659613,0.5438775580354249,-0.6733481000276013,-1.2157768674919593,0.6374096808794271,-1.323835538470496,-1.3066298183780896,0.0,1.970874253132539,2,1
-1.1554834569211492,-1.8386491320071456,-1.6468935782314178,1.27205691185771,-1.3356561624211825,1.317949812752262,0.22349460963706,0.0,-1.0981588614750395,0,0
-0.9489461350895592,0.5438775580354249,-1.6468935782314178,1.27205691185771,-1.3356561624211825,1.317949812752262,0.3793406161941586,0.0,-1.0900434512154438,0,0
-0.8199576457842239,-1.8386491320071456,-0.26770415077601106,0.028140022182875413,0.24279651221930512,-0.4432404213962434,0.3793406161941586,0.0,-0.6731136091121281,1,1
2.043073794393577,0.5438775580354249,1.6793868056316221,-1.2157768674919593,-1.44840278203836,1.317949812752262,0.9177177297550446,0.0,-0.9890334741799196,0,0
2.799690224203779,-1.8386491320071456,1.1926140665297138,1.27205691185771,0.24279651221930512,-0.4432404213962434,-0.0031904908096288334,0.0,-0.29947192854808874,1,1
-0.9342883522139529,0.5438775580354249,-0.42996173047664715,0.028140022182875413,-1.1665362329954159,1.317949812752262,-0.6974136109276134,0.0,-1.0598295484129991,0,0
-0.3565426790576334,0.5438775580354249,-0.5110905203269652,-1.2157768674919593,1.8776224966683814,0.4373546956780092,0.02514514674620727,0.0,0.5657920893034827,2,1
0.5829753976972442,0.5438775580354249,-0.6733481000276013,-1.2157768674919593,0.7501563004966046,0.4373546956780092,-1.5191471000468604,0.0,0.7172558535302099,2,1
-0.1338817960628764,0.5438775580354249,-0.5110905203269652,1.27205691185771,1.4830093280082597,0.4373546956780092,-0.8249239799288759,0.0,-0.17806078294514563,2,1
-0.9894382602834217,0.5438775580354249,-0.42996173047664715,-1.2157768674919593,0.1864232024107163,-0.4432404213962434,-1.3491332747118439,0.0,-0.29612080172480465,1,1
1.0416265849892625,0.5438775580354249,0.9492276969787597,0.028140022182875413,1.2575160887739043,-1.323835538470496,-0.598238879482187,0.0,0.7530404606622698,2,1
0.20443815493471157,0.5438775580354249,-1.1601208391295097,0.028140022182875413,-1.3356561624211825,1.317949812752262,2.4336743389922764,0.0,-1.1622910830564697,0,0
-0.2645192859417176,0.5438775580354249,-0.8356056797282374,1.27205691185771,1.4266360181996707,-1.323835538470496,-0.4282250541471704,0.0,-0.8812495616406446,2,1
1.1868302466007377,0.5438775580354249,1.273742856380032,-1.2157768674919593,-0.8846696839524717,-0.4432404213962434,-1.1649516305989092,0.0,-0.9500206234083169,0,0
-0.984399647419932,0.5438775580354249,-0.5922193101772832,-1.2157768674919593,0.1864232024107163,-0.4432404213962434,0.23766242841497806,0.0,-0.005005419308503255,1,1
-0.7397062845402793,0.5438775580354249,-1.2412496289798276,1.27205691185771,-1.3356561624211825,1.317949812752262,0.1668233345253878,0.0,-0.8860164051432842,0,0
-0.749829315838745,0.5438775580354249,0.05681100862526116,1.27205691185771,1.2575160887739043,0.4373546956780092,0.45017971008374885,0.0,0.09549254446143104,2,1
-0.8130868100612835,-1.8386491320071456,-0.186575360925693,1.27205691185771,0.35554313183648284,-1.323835538470496,-0.14486867858880936,0.0,2.4825700704975127,1,1
-0.1059403974562519,0.5438775580354249,-0.3488329406263291,1.27205691185771,-1.44840278203836,1.317949812752262,2.5186812516597845,0.0,-0.990446630792947,0,0
-1.1081204960043465,0.5438775580354249,-0.186575360925693,0.028140022182875413,-1.0537896133782383,-0.4432404213962434,0.010977327968289218,0.0,0.38668472886757094,0,1
-0.06718888397886785,0.5438775580354249,-0.3488329406263291,-1.2157768674919593,0.8629029201137823,-1.323835538470496,0.3935084349720766,0.0,-1.0796035007300708,2,1
-0.6131454905237161,0.5438775580354249,-0.3488329406263291,1.27205691185771,1.9339958064769704,0.4373546956780092,1.5411017559834388,0.0,-0.011474706919228462,2,1
-0.5839673414869624,0.5438775580354249,-0.186575360925693,-1.2157768674919593,0.41191644164507163,-0.4432404213962434,0.15265551574746974,0.0,0.5289271341810287,1,1
-0.5428339382922922,0.5438775580354249,-0.9978632594288736,1.27205691185771,-1.3356561624211825,1.317949812752262,-0.7115814297055314,0.0,-1.2463047797407456,0,0
-0.9964007071493347,0.5438775580354249,0.8680989071284416,1.27205691185771,-1.110162923186827,1.317949812752262,0.8327108170875362,0.0,-0.9893202016086498,0,0
-0.7557382345604737,0.5438775580354249,1.436000436080668,1.27205691185771,-1.3356561624211825,1.317949812752262,0.40767625374999467,0.0,-1.100501322165112,0,0
0.09555831151184836,0.5438775580354249,0.38132616802653335,0.028140022182875413,0.7501563004966046,-0.4432404213962434,-0.17320431614464546,0.0,-0.9414930424699216,2,1
-0.6541414770039276,0.5438775580354249,0.8680989071284416,-1.2157768674919593,0.35554313183648284,-1.323835538470496,0.747703904420028,0.0,2.1217184813079024,1,1
0.20975160122711872,-1.8386491320071456,1.35487164623035,0.028140022182875413,-0.9974163035696494,-0.4432404213962434,-1.5474827376026965,0.0,-0.5886954219480364,0,0
-1.0335948311961856,0.5438775580354249,-1.3223784188301457,-1.2157768674919593,0.41191644164507163,-0.4432404213962434,-0.6407423358159412,0.0,0.11396086295124944,1,1
-0.6592717010103898,-1.8386491320071456,1.517129225930986,1.27205691185771,-0.9974163035696494,-0.4432404213962434,0.22349460963706,0.0,-0.08610320044524641,0,0
2.223501940477993,0.5438775580354249,1.1926140665297138,1.27205691185771,-0.9974163035696494,-0.4432404213962434,-1.1791194493768271,0.0,0.7084671458263636,0,1
-0.000175332894455185,0.5438775580354249,-1.3223784188301457,-1.2157768674919593,-1.0537896133782383,1.317949812752262,-0.5557354231484328,0.0,-1.0169689179504904,0,0
0.5581029723801998,0.5438775580354249,-0.6733481000276013,-1.2157768674919593,0.8629029201137823,-1.323835538470496,1.6969477625405374,0.0,0.6467311463278929,2,1
1.4432956413523612,0.5438775580354249,1.6793868056316221,1.27205691185771,0.41191644164507163,0.4373546956780092,-0.0031904908096288334,0.0,-0.2751512984325809,1,1
-1.0559479500814852,-1.8386491320071456,-1.5657647883811,1.27205691185771,1.8212491868597926,0.4373546956780092,0.6201935354187654,0.0,0.5107199424566611,2,1
1.2677686914169761,0.5438775580354249,0.13793979847557922,1.27205691185771,0.1864232024107163,-0.4432404213962434,-0.05986176592130104,0.0,-0.3696433465971489,1,1
0.7868559963826306,0.5438775580354249,0.9492276969787597,0.028140022182875413,0.5810363710708382,0.4373546956780092,-0.6690779733717773,0.0,-0.4166692049752294,1,1
0.47812644456517295,0.5438775580354249,0.9492276969787597,-1.2157768674919593,1.0883961593481377,0.4373546956780092,0.6768648105304377,0.0,0.5020080367426533,2,1
2.6587922863120133,0.5438775580354249,0.7869701172781236,0.028140022182875413,-1.110162923186827,1.317949812752262,1.3710879306484223,0.0,0.23344171854291976,0,0
-0.5568504431670906,0.5438775580354249,-1.6468935782314178,-1.2157768674919593,0.1864232024107163,-1.323835538470496,0.1668233345253878,0.0,1.10331129571847,1,1
-0.3286012804510089,0.5438775580354249,-1.728022368081736,0.028140022182875413,0.4682897514536605,0.4373546956780092,-1.3633010934897618,0.0,0.2598001614554744,1,1
0.4494521568147679,0.5438775580354249,-0.6733481000276013,1.27205691185771,1.3702627083910819,-1.323835538470496,-0.32905032270174406,0.0,0.41271548329014807,2,1
-0.14940988479672188,0.5438775580354249,-0.5922193101772832,0.028140022182875413,0.4682897514536605,-1.323835538470496,-1.1649516305989092,0.0,0.8448367589835084,1,1
2.199866265591078,0.5438775580354249,1.6793868056316221,-1.2157768674919593,0.8629029201137823,0.4373546956780092,-0.38572159781341625,0.0,-0.11689823830413527,2,1
-0.15399044194534886,0.5438775580354249,-0.6733481000276013,-1.2157768674919593,-0.9974163035696494,1.317949812752262,-0.32905032270174406,0.0,-0.8618698595380767,0,0
1.3760988679820036,0.5438775580354249,1.35487164623035,-1.2157768674919593,1.3702627083910819,-1.323835538470496,-0.9382665301522203,0.0,0.034895774478897267,2,1
-1.0507719205035368,0.5438775580354249,-1.4035072086804639,-1.2157768674919593,0.97564953973096,0.4373546956780092,0.6343613541966835,0.0,0.21752066604940978,2,1
0.2439225575558758,0.5438775580354249,-0.8356056797282374,0.028140022182875413,-0.4900565152923498,-1.323835538470496,0.6626969917525196,0.0,1.2446243969548827,1,1
-0.808277225055225,0.5438775580354249,-0.26770415077601106,1.27205691185771,0.41191644164507163,-1.323835538470496,-0.04569394714338299,0.0,1.1679196896368984,1,1
-1.0569098670826969,-1.8386491320071456,-0.8356056797282374,0.028140022182875413,1.2011427789653155,-1.323835538470496,-0.05986176592130104,0.0,0.036401093479730834,2,1
2.694749659928736,-1.8386491320071456,0.5435837477271694,0.028140022182875413,1.5957559476254373,0.4373546956780092,0.9035499109771266,0.0,-0.8699519889354091,2,1
-0.902865730174372,0.5438775580354249,-0.5922193101772832,-1.2157768674919593,-0.9974163035696494,1.317949812752262,-0.8957630738184661,0.0,-1.100798289859154,0,0
2.299126939001824,0.5438775580354249,1.111485276679396,-1.2157768674919593,0.8629029201137823,-0.4432404213962434,-0.0740295846992191,0.0,0.5454626025932461,2,1
0.2046213772206565,0.5438775580354249,-1.3223784188301457,-1.2157768674919593,-1.2792828526125937,1.317949812752262,2.33449960754685,0.0,-1.0364433425071924,0,0
-0.6356818316949608,-1.8386491320071456,-0.186575360925693,0.028140022182875413,-0.7155497545267051,-1.323835538470496,-1.2499585432664175,0.0,2.165769542612907,0,1
1.040160806701702,0.5438775580354249,0.4624549578768514,-1.2157768674919593,1.4266360181996707,0.4373546956780092,-0.05986176592130104,0.0,-0.5024928685533647,2,1
-0.8149190329207341,0.5438775580354249,0.13793979847557922,-1.2157768674919593,-0.3773098956751721,-1.323835538470496,0.36517279741624054,0.0,1.2327815301217941,1,1
-1.008676600307655,0.5438775580354249,0.21906858832589726,-1.2157768674919593,1.708502567242615,0.4373546956780092,2.0086397756547347,0.0,0.7272938736020946,2,1
-0.7740604631549817,0.5438775580354249,-1.1601208391295097,0.028140022182875413,0.24279651221930512,-0.4432404213962434,-0.7965883423730398,0.0,-0.34498734779267987,1,1
2.0543877705506857,0.5438775580354249,1.6793868056316221,1.27205691185771,0.8065296103051935,-1.323835538470496,0.06764860307996143,0.0,-0.02498417693181098,2,1
-0.6410410835588545,0.5438775580354249,-1.0789920492791916,1.27205691185771,1.4830093280082597,0.4373546956780092,1.5127661184276027,0.0,-0.05644995216862223,2,1
-0.6890453224764651,0.5438775580354249,-0.10544657107537495,0.028140022182875413,0.6937829906880159,0.4373546956780092,-0.4565606917030065,0.0,-0.9703757107818332,2,1
1.5004609945672258,0.5438775580354249,-0.186575360925693,-1.2157768674919593,-1.2229095428040047,1.317949812752262,-1.108280355487237,0.0,-0.1601556790474758,0,0
1.5030719121419434,-1.8386491320071456,-1.2412496289798276,0.028140022182875413,0.5810363710708382,0.4373546956780092,0.02514514674620727,0.0,0.36359037052315024,1,1
-0.8136364769191187,0.5438775580354249,-1.1601208391295097,0.028140022182875413,0.6374096808794271,0.4373546956780092,0.2943337035266503,0.0,-0.8923807300345634,2,1
-0.3834305495200737,-1.8386491320071456,-1.6468935782314178,1.27205691185771,-1.3920294722297712,1.317949812752262,2.391170882658522,0.0,-0.9243047571440773,0,0
0.7602429593491079,0.5438775580354249,-0.10544657107537495,0.028140022182875413,-0.9410429937610605,1.317949812752262,1.045228098756307,0.0,-0.8119332057451193,0,0
-0.5561175540233104,0.5438775580354249,1.35487164623035,-1.2157768674919593,0.6937829906880159,0.4373546956780092,-0.38572159781341625,0.0,0.05504605654617754,2,1
0.2386549168349549,0.5438775580354249,-0.10544657107537495,1.27205691185771,-1.110162923186827,1.317949812752262,0.6768648105304377,0.0,-0.8113239099590676,0,0
0.17906186833131807,0.5438775580354249,-1.4035072086804639,0.028140022182875413,-0.4900565152923498,-1.323835538470496,-0.03152612836546494,0.0,-1.0368734336502876,1,1
-0.8217440630721884,0.5438775580354249,1.6793868056316221,0.028140022182875413,0.7501563004966046,0.4373546956780092,2.1078145071001613,0.0,-0.8064674641349499,2,1
-0.7527608724138662,-1.8386491320071456,1.436000436080668,1.27205691185771,-0.26456327605799446,-0.4432404213962434,-0.6974136109276134,0.0,0.30583527416463885,1,1
-0.7287587529550609,-1.8386491320071456,-0.10544657107537495,1.27205691185771,-0.20818996624940558,-0.4432404213962434,0.2518302471928961,0.0,-0.25272511739975473,1,1
0.15959450044965345,0.5438775580354249,-1.0789920492791916,-1.2157768674919593,-1.3356561624211825,1.317949812752262,-0.4140572353692524,0.0,-0.9343709379455697,0,0
-0.9155538734760686,0.5438775580354249,-1.728022368081736,-1.2157768674919593,-1.2792828526125937,1.317949812752262,0.22349460963706,0.0,-0.8967814840523064,0,0
0.8243249538583992,0.5438775580354249,1.436000436080668,1.27205691185771,-0.9974163035696494,1.317949812752262,-0.38572159781341625,0.0,-0.9842128692843932,0,0
0.01214636583535135,0.5438775580354249,-1.5657647883811,1.27205691185771,1.5393826378168485,0.4373546956780092,2.4478421577701943,0.0,0.5682830338405762,2,1
2.1502130260999612,0.5438775580354249,0.6247125375774875,1.27205691185771,0.6937829906880159,0.4373546956780092,0.3935084349720766,0.0,-0.7553301392341846,2,1
1.4284088306193234,0.5438775580354249,-0.5110905203269652,-1.2157768674919593,1.5393826378168485,0.4373546956780092,-0.25821122881215375,0.0,-0.5531719415814272,2,1
-1.111601719437303,-1.8386491320071456,0.5435837477271694,0.028140022182875413,1.652129257434026,0.4373546956780092,2.4195065202143584,0.0,0.07653269323664683,2,1
-0.8955368387365689,0.5438775580354249,0.9492276969787597,-1.2157768674919593,-0.9974163035696494,-0.4432404213962434,0.13848769696955168,0.0,0.6237827117641651,0,1
-1.0498558090738115,0.5438775580354249,0.4624549578768514,1.27205691185771,0.5246630612622494,-0.4432404213962434,-1.3633010934897618,0.0,0.6138266138147748,1,1
-1.158827263639647,0.5438775580354249,1.35487164623035,-1.2157768674919593,-0.8846696839524717,-1.323835538470496,-1.2357907244884994,0.0,1.3838689645983129,0,1
0.7987654449690608,-1.8386491320071456,-1.5657647883811,0.028140022182875413,1.5957559476254373,0.4373546956780092,0.13848769696955168,0.0,0.35973235056693215,2,1
-0.3586039297745155,0.5438775580354249,-0.5110905203269652,0.028140022182875413,0.5810363710708382,-0.4432404213962434,-0.7399170672613675,0.0,0.6317189173808045,1,1
-0.03700301236941611,0.5438775580354249,-0.9167344695785554,-1.2157768674919593,-1.5047760918469488,1.317949812752262,-0.8957630738184661,0.0,-1.1659442977064518,0,0
-0.8276071762224309,0.5438775580354249,1.273742856380032,-1.2157768674919593,-1.2229095428040047,1.317949812752262,-0.28654686636798987,0.0,-1.0313385702492637,0,0
0.4141360611988541,0.5438775580354249,-0.42996173047664715,-1.2157768674919593,1.3702627083910819,-1.323835538470496,1.8527937690976362,0.0,0.5562353617012521,2,1
0.31670761064755854,0.5438775580354249,1.6793868056316221,-1.2157768674919593,-1.44840278203836,1.317949812752262,2.2353248761014237,0.0,-1.1055548930964818,0,0
-0.03333856665051448,0.5438775580354249,0.4624549578768514,0.028140022182875413,1.7648758770512039,0.4373546956780092,1.796122493985964,0.0,-0.1679049998221751,2,1
-1.0966232975612926,0.5438775580354249,-1.728022368081736,-1.2157768674919593,0.6374096808794271,-1.323835538470496,-1.2216229057105814,0.0,1.4229022959005388,2,1
-0.2694662876622348,-1.8386491320071456,-1.5657647883811,0.028140022182875413,-1.0537896133782383,1.317949812752262,-1.1224481742651549,0.0,-1.2416019378963048,0,0
1.5058202464311197,0.5438775580354249,0.9492276969787597,0.028140022182875413,-1.2229095428040047,1.317949812752262,-0.9099308925963842,0.0,-0.8632010940286098,0,0
0.8145683671318238,-1.8386491320071456,1.5982580157813042,1.27205691185771,-0.9974163035696494,1.317949812752262,0.06764860307996143,0.0,-0.9735117920335696,0,0
1.162828127141932,-1.8386491320071456,0.38132616802653335,1.27205691185771,-0.9974163035696494,1.317949812752262,2.4761777953260307,0.0,0.1862878568484418,0,0
0.34419095353932033,0.5438775580354249,-0.9167344695785554,-1.2157768674919593,1.652129257434026,0.4373546956780092,-1.5191471000468604,0.0,0.6400621735435877,2,1
-0.2624580352248355,0.5438775580354249,0.8680989071284416,1.27205691185771,0.6374096808794271,-0.4432404213962434,2.1078145071001613,0.0,1.152776897307085,2,1
-0.20094115271877527,0.5438775580354249,-1.6468935782314178,1.27205691185771,0.8065296103051935,-0.4432404213962434,0.8327108170875362,0.0,-0.2356315545280447,2,1
0.06285313347065186,0.5438775580354249,0.7058413274278056,1.27205691185771,-1.2229095428040047,1.317949812752262,0.2801658847487322,0.0,-0.9811126289612478,0,0
0.22688288496298362,0.5438775580354249,-1.1601208391295097,-1.2157768674919593,-1.0537896133782383,-0.4432404213962434,0.010977327968289218,0.0,1.1542975767058863,0,1
1.7689274490482525,-1.8386491320071456,-0.8356056797282374,-1.2157768674919593,-0.3773098956751721,-1.323835538470496,-0.48489632925884263,0.0,1.7635216809003746,1,1
-0.7253691406650769,0.5438775580354249,0.21906858832589726,0.028140022182875413,0.13004989260212746,-0.4432404213962434,-1.5191471000468604,0.0,1.1361851074356528,1,1
2.895698702039,0.5438775580354249,1.5982580157813042,1.27205691185771,-0.4900565152923498,-0.4432404213962434,0.7052004480862738,0.0,-0.07012838655884952,1,1
1.2872360592986407,0.5438775580354249,-0.26770415077601106,1.27205691185771,-0.9974163035696494,1.317949812752262,0.20932679085914196,0.0,-1.230816378456659,0,0
-0.07172363555600846,0.5438775580354249,0.13793979847557922,-1.2157768674919593,-1.110162923186827,1.317949812752262,0.6060257166408474,0.0,-0.9357764143596133,0,0
-0.5785164784800964,0.5438775580354249,-1.6468935782314178,-1.2157768674919593,1.0883961593481377,-1.323835538470496,-0.3573859602575801,0.0,1.5626153556819844,2,1
2.4893116718128154,-1.8386491320071456,1.1926140665297138,0.028140022182875413,-1.3920294722297712,1.317949812752262,-0.4990641480367607,0.0,-1.1283266830835812,0,0
-1.136107700182457,0.5438775580354249,-0.9978632594288736,1.27205691185771,0.6937829906880159,-1.323835538470496,0.6485291729746016,0.0,2.1563024173321548,2,1
-1.0458249187830195,0.5438775580354249,-0.8356056797282374,-1.2157768674919593,-1.3920294722297712,1.317949812752262,0.6201935354187654,0.0,-1.1362347279706129,0,0
0.7991776951124371,-1.8386491320071456,-1.6468935782314178,1.27205691185771,-1.2229095428040047,1.317949812752262,-0.28654686636798987,0.0,-1.2181005290057403,0,0
2.878842251732054,-1.8386491320071456,0.9492276969787597,-1.2157768674919593,0.13004989260212746,-0.4432404213962434,-0.853259617484712,0.0,0.6818347758167185,1,1
-0.2638780079409099,0.5438775580354249,1.517129225930986,-1.2157768674919593,-0.8846696839524717,-0.4432404213962434,-0.9240987113743022,0.0,1.2117275446407483,0,1
-0.9828880635608851,0.5438775580354249,0.9492276969787597,-1.2157768674919593,-0.03907003682363907,-1.323835538470496,0.7335360856421099,0.0,-1.2370347795672454,1,1
-0.41581508856086635,0.5438775580354249,-0.42996173047664715,-1.2157768674919593,-0.8282963741438828,-0.4432404213962434,0.747703904420028,0.0,0.07600019944043362,0,0
1.5186000008757887,0.5438775580354249,-0.9978632594288736,1.27205691185771,-0.9410429937610605,1.317949812752262,2.33449960754685,0.0,-0.8127524269700627,0,0
-0.8429062370988449,0.5438775580354249,-0.5110905203269652,1.27205691185771,1.313889398582493,-1.323835538470496,0.11015205941371559,0.0,0.4635788810938229,2,1
-0.4327631500107861,0.5438775580354249,1.517129225930986,1.27205691185771,-0.4900565152923498,-0.4432404213962434,0.3935084349720766,0.0,0.6211304830484109,1,1
1.5023390229981632,-1.8386491320071456,0.38132616802653335,1.27205691185771,-0.09544334663222791,-1.323835538470496,-0.14486867858880936,0.0,1.7844399828660396,1,1
-1.001714153441742,-1.8386491320071456,0.5435837477271694,1.27205691185771,1.5393826378168485,0.4373546956780092,0.13848769696955168,0.0,-0.9409119074134773,2,1
1.7531245268854898,0.5438775580354249,0.7058413274278056,0.028140022182875413,0.8629029201137823,-1.323835538470496,-1.0799447179314008,0.0,1.6962124170059607,2,1
-0.9097365658973124,0.5438775580354249,0.7869701172781236,1.27205691185771,-0.9410429937610605,1.317949812752262,-1.2074550869326632,0.0,1.0467978315290136,0,0
2.3790118556738786,-1.8386491320071456,0.9492276969787597,1.27205691185771,1.8776224966683814,0.4373546956780092,-0.28654686636798987,0.0,-0.05246648896233497,2,1
-0.31252352485932816,0.5438775580354249,-1.4035072086804639,1.27205691185771,1.2575160887739043,0.4373546956780092,-1.3207976371560077,0.0,0.529103778757657,2,1
1.917108472806335,-1.8386491320071456,-0.3488329406263291,1.27205691185771,0.6374096808794271,0.4373546956780092,-1.2499585432664175,0.0,-0.10135351556083376,2,1
-0.7421339798290517,-1.8386491320071456,-1.0789920492791916,0.028140022182875413,1.2575160887739043,0.4373546956780092,-0.8957630738184661,0.0,-0.9812969537368601,2,1
0.7710988797913538,-1.8386491320071456,-0.5922193101772832,1.27205691185771,0.8065296103051935,-0.4432404213962434,0.22349460963706,0.0,0.17657752526653442,2,1
-0.9461519952288968,0.5438775580354249,0.5435837477271694,0.028140022182875413,0.8629029201137823,-0.4432404213962434,-0.7682527048172036,0.0,0.1608459176812928,2,1
-0.8527086293969066,0.5438775580354249,-0.7544768898779194,1.27205691185771,-1.110162923186827,1.317949812752262,-0.20153995370048156,0.0,-0.9273589162733197,0,0
0.022590036134220715,0.5438775580354249,-1.2412496289798276,1.27205691185771,-0.9410429937610605,1.317949812752262,-1.0374412615976467,0.0,-1.0947104521312934,0,0
-0.3372127278904276,0.5438775580354249,0.30019737817621533,-1.2157768674919593,-0.9974163035696494,1.317949812752262,-0.7965883423730398,0.0,-1.04358336749584,0,0
-0.4579562143282344,0.5438775580354249,-1.3223784188301457,-1.2157768674919593,0.35554313183648284,-1.323835538470496,-0.2440434100342357,0.0,2.3943117838414985,1,1
-0.6237265775370444,0.5438775580354249,-1.1601208391295097,-1.2157768674919593,-0.15181665644081674,-1.323835538470496,1.6119408498730292,0.0,0.07007620595756141,1,1
0.2371891385473943,-1.8386491320071456,1.0303564868290778,0.028140022182875413,0.8065296103051935,-0.4432404213962434,-0.25821122881215375,0.0,1.0361274750741254,2,1
1.1450097598337732,0.5438775580354249,0.30019737817621533,-1.2157768674919593,0.8065296103051935,-0.4432404213962434,-1.108280355487237,0.0,-0.5999725141226482,2,1
0.3277467533757494,0.5438775580354249,0.4624549578768514,-1.2157768674919593,-0.20818996624940558,-0.4432404213962434,-0.1590364973667274,0.0,-0.6597244622169591,1,1
2.4710352487897937,0.5438775580354249,-1.5657647883811,0.028140022182875413,1.2575160887739043,0.4373546956780092,-0.7824205235951217,0.0,-0.9221415010969611,2,1
-0.8445094321008644,0.5438775580354249,-1.4035072086804639,1.27205691185771,-0.8846696839524717,-1.323835538470496,-0.6690779733717773,0.0,-0.9716096627519042,0,1
0.10426137009423975,0.5438775580354249,-0.6733481000276013,-1.2157768674919593,-1.110162923186827,1.317949812752262,0.1668233345253878,0.0,-0.816638607655888,0,0
0.21694307595046303,0.5438775580354249,-0.42996173047664715,1.27205691185771,-1.110162923186827,1.317949812752262,-0.2440434100342357,0.0,-1.1973870323463116,0,0
0.43305376222268344,0.5438775580354249,0.4624549578768514,0.028140022182875413,1.0883961593481377,0.4373546956780092,-1.391636731045598,0.0,0.6415060509525506,2,1
-0.7822138548795377,0.5438775580354249,-0.9978632594288736,0.028140022182875413,-0.771923064335294,-1.323835538470496,-1.3633010934897618,0.0,-1.0901407337359057,0,1
1.5924843876831418,0.5438775580354249,0.8680989071284416,-1.2157768674919593,-0.9410429937610605,1.317949812752262,-0.5557354231484328,0.0,-1.124225456826208,0,0
0.008527725687935951,0.5438775580354249,-1.3223784188301457,-1.2157768674919593,-0.9974163035696494,1.317949812752262,0.05348078430204337,0.0,-0.9580899524740097,0,0
-1.1239692237385956,-1.8386491320071456,-1.5657647883811,0.028140022182875413,1.708502567242615,0.4373546956780092,-0.7824205235951217,0.0,0.5523389407501149,2,1
-0.8844060848654053,0.5438775580354249,1.111485276679396,-1.2157768674919593,1.3702627083910819,0.4373546956780092,-0.2723790475900718,0.0,-0.03086208922078005,2,1
0.8702679420591276,-1.8386491320071456,0.21906858832589726,0.028140022182875413,0.5810363710708382,0.4373546956780092,0.3368371598604044,0.0,-0.8902149139211192,1,1
-0.8854138074381033,0.5438775580354249,-0.9978632594288736,-1.2157768674919593,-1.0537896133782383,-0.4432404213962434,0.23766242841497806,0.0,-0.17895680615992748,0,0
-0.8049334183367273,0.5438775580354249,-1.3223784188301457,1.27205691185771,0.1864232024107163,-0.4432404213962434,-0.1307008598108913,0.0,-0.7806773559471997,1,1
-0.3933703585325942,0.5438775580354249,1.6793868056316221,0.028140022182875413,1.0883961593481377,-1.323835538470496,-0.7115814297055314,0.0,2.1182188706375977,2,1
-0.9542595813819665,0.5438775580354249,-1.5657647883811,0.028140022182875413,-1.2792828526125937,1.317949812752262,-0.7115814297055314,0.0,-0.44483249464898744,0,0
0.3123560813563627,0.5438775580354249,-0.3488329406263291,0.028140022182875413,0.8629029201137823,-1.323835538470496,-0.18737213492256352,0.0,2.1558185647961725,2,1
2.2082944907445516,0.5438775580354249,0.7058413274278056,0.028140022182875413,-0.20818996624940558,-1.323835538470496,0.7618717231979459,0.0,2.2414323029354164,1,1
-0.3503131213355007,-1.8386491320071456,0.5435837477271694,1.27205691185771,-0.6591764447181163,-0.4432404213962434,-0.9099308925963842,0.0,1.2299628970947232,1,1
2.1236457946379255,0.5438775580354249,1.517129225930986,0.028140022182875413,0.5246630612622494,0.4373546956780092,-1.0657768991534828,0.0,-0.5118268703850638,1,1
0.1585867778769554,0.5438775580354249,0.21906858832589726,-1.2157768674919593,0.6937829906880159,0.4373546956780092,0.22349460963706,0.0,0.5226933726724747,2,1
-0.7264684743807474,0.5438775580354249,0.13793979847557922,1.27205691185771,-0.9410429937610605,1.317949812752262,0.40767625374999467,0.0,-1.157188870864869,0,0
-0.7162080263678229,-1.8386491320071456,0.30019737817621533,0.028140022182875413,-1.5047760918469488,1.317949812752262,-0.21570777247839962,0.0,0.2685504681644014,0,0
-0.966214835539883,0.5438775580354249,-1.0789920492791916,0.028140022182875413,0.6374096808794271,-0.4432404213962434,2.051143231988489,0.0,0.1529481130595725,2,1
0.006283252685108695,0.5438775580354249,1.111485276679396,1.27205691185771,-0.32093658586658325,-1.323835538470496,1.4985982996496847,0.0,1.1421987032400032,1,1
0.14049357713987892,0.5438775580354249,-0.7544768898779194,1.27205691185771,-1.2792828526125937,1.317949812752262,1.9236328629872266,0.0,-1.2578020376195613,0,0
1.1197708899448386,-1.8386491320071456,1.111485276679396,1.27205691185771,-1.0537896133782383,-0.4432404213962434,0.3793406161941586,0.0,0.8753553096789787,0,1
-1.0569098670826969,0.5438775580354249,0.13793979847557922,-1.2157768674919593,-0.9974163035696494,1.317949812752262,-1.2357907244884994,0.0,-0.9382878394273304,0,0
0.8241875371439402,0.5438775580354249,-0.3488329406263291,-1.2157768674919593,-1.3920294722297712,1.317949812752262,0.8043751795317001,0.0,-1.0944595656311544,0,0
-0.6114506843787242,-1.8386491320071456,-1.4846359985307818,1.27205691185771,-0.771923064335294,-1.323835538470496,-1.5474827376026965,0.0,0.44835672670784293,0,1
-0.5373830752854261,0.5438775580354249,0.8680989071284416,0.028140022182875413,-1.2229095428040047,1.317949812752262,-1.2499585432664175,0.0,-0.9038549473164271,0,0
-1.164965210218807,0.5438775580354249,-1.4846359985307818,1.27205691185771,1.032022849539549,0.4373546956780092,-1.2357907244884994,0.0,-0.05356987754968051,2,1
-1.0728502059599188,0.5438775580354249,1.5982580157813042,-1.2157768674919593,1.0883961593481377,-1.323835538470496,-0.2440434100342357,0.0,0.6608012708662961,2,1
-0.5955103455015024,0.5438775580354249,-1.5657647883811,0.028140022182875413,0.6937829906880159,0.4373546956780092,-1.136615993043073,0.0,0.2560496642850302,2,1
-0.9630084455358441,0.5438775580354249,-0.8356056797282374,1.27205691185771,0.5810363710708382,-1.323835538470496,-0.7257492484834495,0.0,-0.9057289158684853,1,1
-0.05972257582660578,0.5438775580354249,1.273742856380032,0.028140022182875413,0.6937829906880159,-1.323835538470496,-1.0091056240418106,0.0,2.209848764647519,2,1
-0.11601762318323132,-1.8386491320071456,0.5435837477271694,0.028140022182875413,0.8629029201137823,0.4373546956780092,-0.32905032270174406,0.0,0.17661592626145356,2,1
2.3173117508818732,0.5438775580354249,-0.10544657107537495,-1.2157768674919593,1.0883961593481377,-1.323835538470496,1.7677868564301278,0.0,-1.2528227086117019,2,1
-1.020586048894085,0.5438775580354249,-0.10544657107537495,0.028140022182875413,0.6937829906880159,-0.4432404213962434,-1.150783811820991,0.0,-0.5180580718272898,2,1
-0.7114900525047373,-1.8386491320071456,1.517129225930986,1.27205691185771,0.07367658279353861,-0.4432404213962434,1.1302350114238153,0.0,-0.5243891158563057,1,1
0.24085358426629594,0.5438775580354249,-0.5922193101772832,0.028140022182875413,-0.9974163035696494,-0.4432404213962434,-1.094112536709319,0.0,0.8867168840424126,0,1
0.003489112824446442,-1.8386491320071456,-0.6733481000276013,1.27205691185771,0.8065296103051935,0.4373546956780092,2.4620099765481123,0.0,0.729600493363576,2,1
-0.8008109169029631,-1.8386491320071456,1.0303564868290778,0.028140022182875413,-1.2229095428040047,1.317949812752262,0.5210188039733391,0.0,-1.2322500156003102,0,0
1.008417545661717,0.5438775580354249,1.1926140665297138,1.27205691185771,-1.2229095428040047,1.317949812752262,0.9602211860887987,0.0,-1.0102871448345456,0,0
0.35064953911888425,0.5438775580354249,0.7058413274278056,-1.2157768674919593,1.313889398582493,-1.323835538470496,-1.1932872681547453,0.0,1.4151478549931842,2,1
-1.129282670031003,0.5438775580354249,-0.5922193101772832,-1.2157768674919593,0.13004989260212746,-0.4432404213962434,1.1018993738679792,0.0,0.691347982291374,1,1
-0.7232162788052223,0.5438775580354249,0.13793979847557922,0.028140022182875413,1.708502567242615,0.4373546956780092,-0.6549101545938593,0.0,0.14592585112201054,2,1
-0.19104714927774105,0.5438775580354249,-1.3223784188301457,1.27205691185771,0.07367658279353861,-0.4432404213962434,-0.0740295846992191,0.0,-0.29290279835057376,1,1
-0.1752900326864643,-1.8386491320071456,0.05681100862526116,0.028140022182875413,0.97564953973096,-1.323835538470496,-0.2440434100342357,0.0,2.24493447367205,2,1
0.3895384693107272,0.5438775580354249,-1.5657647883811,-1.2157768674919593,-0.09544334663222791,-0.4432404213962434,-0.4282250541471704,0.0,-0.24097697302080034,1,1
-0.9454649116566027,0.5438775580354249,1.35487164623035,0.028140022182875413,-0.7155497545267051,-1.323835538470496,-0.9666021677080564,0.0,1.201553841053482,0,1
0.8409523763079151,0.5438775580354249,-1.1601208391295097,0.028140022182875413,1.8776224966683814,0.4373546956780092,-1.3633010934897618,0.0,0.005741739136223166,2,1
-1.1673929055075793,0.5438775580354249,1.436000436080668,-1.2157768674919593,1.2011427789653155,-1.323835538470496,0.7193682668641919,0.0,1.668724984842781,2,1
-0.38196477123251316,0.5438775580354249,0.7058413274278056,-1.2157768674919593,-0.771923064335294,-0.4432404213962434,0.5918578978629294,0.0,1.0180892477274026,0,1
0.8333028458697079,0.5438775580354249,1.111485276679396,0.028140022182875413,-1.2792828526125937,1.317949812752262,-0.6549101545938593,0.0,-0.8388369427855268,0,0
1.2036866969076847,-1.8386491320071456,1.6793868056316221,1.27205691185771,1.4830093280082597,0.4373546956780092,-1.1224481742651549,0.0,-0.2410256142810315,2,1
2.207103545885908,0.5438775580354249,-1.2412496289798276,1.27205691185771,0.299169822027894,-1.323835538470496,0.06764860307996143,0.0,2.368449993796566,1,1
-0.4841570012183808,0.5438775580354249,0.05681100862526116,1.27205691185771,1.0883961593481377,0.4373546956780092,-1.150783811820991,0.0,-0.7537531383761685,2,1
0.8596868550457992,0.5438775580354249,-0.024317781225056893,1.27205691185771,-0.9974163035696494,-0.4432404213962434,-1.4483080061572702,0.0,0.08289189799527019,0,0
-1.1522312613456243,0.5438775580354249,-0.42996173047664715,1.27205691185771,0.41191644164507163,-1.323835538470496,2.2211570573235058,0.0,1.5777888688077328,1,1
-0.7292626142414099,-1.8386491320071456,0.30019737817621533,1.27205691185771,0.1864232024107163,-1.323835538470496,0.11015205941371559,0.0,1.8858723708456748,1,1
0.0005117506778387562,0.5438775580354249,1.1926140665297138,0.028140022182875413,-1.0537896133782383,-0.4432404213962434,-0.6832457921496954,0.0,-0.6578274530679495,0,0
2.1896058175781534,-1.8386491320071456,-1.4035072086804639,0.028140022182875413,0.1864232024107163,-0.4432404213962434,2.4195065202143584,0.0,0.2921593998407395,1,1
-0.7904130521755799,0.5438775580354249,0.05681100862526116,0.028140022182875413,-0.32093658586658325,-1.323835538470496,0.32266934108248635,0.0,2.172279791284879,1,1
-0.24894539163638588,-1.8386491320071456,1.5982580157813042,-1.2157768674919593,0.1864232024107163,-0.4432404213962434,-0.7115814297055314,0.0,0.6006653128227931,1,1
-0.4665218561961669,0.5438775580354249,0.13793979847557922,0.028140022182875413,-1.110162923186827,1.317949812752262,-0.9382665301522203,0.0,-0.9424889082714935,0,0
1.0292132751164833,0.5438775580354249,-1.6468935782314178,0.028140022182875413,0.7501563004966046,0.4373546956780092,2.2353248761014237,0.0,0.266689299943983,2,1
-0.38439246652128545,0.5438775580354249,0.21906858832589726,1.27205691185771,-1.3920294722297712,1.317949812752262,1.31441665553675,0.0,-1.19924820056673,0,0
0.08589333592824538,-1.8386491320071456,0.7058413274278056,0.028140022182875413,0.4682897514536605,0.4373546956780092,1.6827799437626194,0.0,0.31038451202940287,1,1
-0.22737096746635294,0.5438775580354249,-1.0789920492791916,1.27205691185771,0.8629029201137823,-0.4432404213962434,0.1951589720812239,0.0,0.7660046365469994,2,1
-0.549750579586719,0.5438775580354249,-1.2412496289798276,0.028140022182875413,-0.771923064335294,-0.4432404213962434,-1.4908114624910243,0.0,0.28885691427768645,0,1
-1.0559937556529715,0.5438775580354249,1.5982580157813042,-1.2157768674919593,-0.7155497545267051,-1.323835538470496,-1.2216229057105814,0.0,0.6074827694541189,0,1
0.2870256003244557,-1.8386491320071456,1.5982580157813042,0.028140022182875413,-0.8846696839524717,-0.4432404213962434,-0.7115814297055314,0.0,-0.7000531870811271,0,0
-0.34087717360932923,0.5438775580354249,-0.26770415077601106,0.028140022182875413,0.35554313183648284,0.4373546956780092,0.2518302471928961,0.0,-0.5246912036830036,1,1
2.1060564551871974,0.5438775580354249,-1.6468935782314178,-1.2157768674919593,-0.03907003682363907,-1.323835538470496,1.7252834000963735,0.0,0.48297906372701427,1,1
-0.15518138680399182,-1.8386491320071456,-0.5922193101772832,-1.2157768674919593,1.1447694691567265,-1.323835538470496,0.4360118913058308,0.0,0.5810321641537582,2,1
-0.8110713649158876,0.5438775580354249,1.273742856380032,-1.2157768674919593,1.313889398582493,0.4373546956780092,0.6768648105304377,0.0,-0.02316908990529567,2,1
1.536326757040975,0.5438775580354249,1.517129225930986,-1.2157768674919593,0.41191644164507163,-1.323835538470496,0.2943337035266503,0.0,1.207388232214876,1,1
-0.2594806730782279,-1.8386491320071456,1.111485276679396,0.028140022182875413,0.41191644164507163,0.4373546956780092,-0.1590364973667274,0.0,-0.1819828045595622,1,1
0.3986995836079812,0.5438775580354249,0.38132616802653335,1.27205691185771,1.032022849539549,0.4373546956780092,-0.314882503923826,0.0,0.3546634192375949,2,1
-0.4339540948694292,0.5438775580354249,0.30019737817621533,0.028140022182875413,-0.20818996624940558,-0.4432404213962434,0.45017971008374885,0.0,0.8898376048961816,1,1
-1.0110126844534546,0.5438775580354249,-0.5110905203269652,1.27205691185771,-1.2792828526125937,1.317949812752262,1.6261086686509472,0.0,-0.8980154360223774,0,0
0.4492231289573368,0.5438775580354249,-1.4035072086804639,-1.2157768674919593,1.652129257434026,0.4373546956780092,1.0168924612004708,0.0,-0.3144431964339298,2,1
-1.0005232085830988,0.5438775580354249,-0.9167344695785554,-1.2157768674919593,-0.26456327605799446,-1.323835538470496,-0.03152612836546494,0.0,1.031416953030701,1,1
-1.1155409985851221,0.5438775580354249,1.111485276679396,-1.2157768674919593,-1.2229095428040047,1.317949812752262,-0.7965883423730398,0.0,-1.2513122694782124,0,0
-0.30775974542475615,0.5438775580354249,-1.3223784188301457,-1.2157768674919593,-1.3356561624211825,1.317949812752262,-0.839091798706794,0.0,0.859229451879233,0,0
-0.006954557474423182,0.5438775580354249,-1.4846359985307818,-1.2157768674919593,1.9903691162855592,0.4373546956780092,-1.3066298183780896,0.0,0.3045987621282399,2,1
-0.12059818033185829,-1.8386491320071456,0.05681100862526116,0.028140022182875413,0.35554313183648284,-0.4432404213962434,-0.8957630738184661,0.0,1.131948197662899,1,1
-0.08748075214728522,0.5438775580354249,1.517129225930986,-1.2157768674919593,0.9192762299223712,-1.323835538470496,0.4643475288616669,0.0,1.7137872723473253,2,1
-0.7870692454570822,-1.8386491320071456,0.8680989071284416,-1.2157768674919593,-1.110162923186827,1.317949812752262,0.5351866227512572,0.0,-0.9731866636099202,0,0
0.8594578271883682,0.5438775580354249,1.35487164623035,1.27205691185771,0.6937829906880159,0.4373546956780092,-0.8249239799288759,0.0,0.24631117197351524,2,1
-0.9200428194817232,-1.8386491320071456,-0.26770415077601106,0.028140022182875413,-1.1665362329954159,1.317949812752262,-0.4565606917030065,0.0,0.49824729930689743,0,0
-0.924944015630754,-1.8386491320071456,-1.0789920492791916,-1.2157768674919593,-0.20818996624940558,-0.4432404213962434,2.2069892385455874,0.0,0.7235920176918818,1,1
0.6270861630385219,0.5438775580354249,-1.3223784188301457,1.27205691185771,-1.0537896133782383,1.317949812752262,-0.4140572353692524,0.0,-0.8529505884515053,0,0
1.1851354404557457,0.5438775580354249,-1.0789920492791916,-1.2157768674919593,-0.9974163035696494,-0.4432404213962434,-0.8957630738184661,0.0,1.0672553215556477,0,1
0.34496964825458676,0.5438775580354249,-0.9978632594288736,-1.2157768674919593,0.8065296103051935,-1.323835538470496,-0.20153995370048156,0.0,1.1900847439042739,2,1
-0.361398069635178,0.5438775580354249,0.30019737817621533,1.27205691185771,-1.44840278203836,1.317949812752262,0.7618717231979459,0.0,-1.2742914248378756,0,0
-0.07699127627692949,0.5438775580354249,-1.6468935782314178,1.27205691185771,-0.6591764447181163,-0.4432404213962434,-1.2499585432664175,0.0,0.6929889848075887,1,1
0.9982487087917651,0.5438775580354249,-1.4035072086804639,1.27205691185771,0.07367658279353861,-0.4432404213962434,2.33449960754685,0.0,0.8688143402110712,1,1
0.8925752553729409,0.5438775580354249,-1.2412496289798276,1.27205691185771,-0.8846696839524717,-0.4432404213962434,-0.22987559125631768,0.0,0.9968534975370722,0,1
-0.059493547969174505,0.5438775580354249,0.6247125375774875,0.028140022182875413,-0.32093658586658325,-0.4432404213962434,-1.0799447179314008,0.0,-0.13415564542083402,1,1
0.8164463955627607,0.5438775580354249,1.273742856380032,1.27205691185771,0.5810363710708382,-0.4432404213962434,-0.584071060704269,0.0,-0.7673547707765573,1,1
-0.5911588162103067,0.5438775580354249,0.21906858832589726,-1.2157768674919593,-1.3920294722297712,1.317949812752262,0.7193682668641919,0.0,-1.037889779982483,0,0
-1.0704683162426327,-1.8386491320071456,0.13793979847557922,1.27205691185771,0.13004989260212746,-1.323835538470496,-0.3715537790354982,0.0,1.3915824444444211,1,1
1.3239263220591426,0.5438775580354249,0.21906858832589726,0.028140022182875413,-0.9974163035696494,-0.4432404213962434,-1.108280355487237,0.0,-0.06164688681435712,0,0
-1.0793087915394828,0.5438775580354249,0.38132616802653335,1.27205691185771,0.5810363710708382,-0.4432404213962434,-1.1649516305989092,0.0,1.1455293495326637,1,1
0.7635409604961191,-1.8386491320071456,-0.26770415077601106,0.028140022182875413,0.299169822027894,-1.323835538470496,-0.5415676043705149,0.0,0.09026488901976082,1,1
-0.6535918101460922,0.5438775580354249,-1.6468935782314178,-1.2157768674919593,-1.44840278203836,1.317949812752262,-0.9524343489301383,0.0,-0.8930565875451417,0,0
0.0876797532162101,-1.8386491320071456,1.6793868056316221,1.27205691185771,1.5393826378168485,0.4373546956780092,-0.7399170672613675,0.0,0.26886791638906693,2,1
1.5291810878891168,0.5438775580354249,1.6793868056316221,0.028140022182875413,-0.9974163035696494,1.317949812752262,-1.3633010934897618,0.0,-1.0876728297957636,0,0
-0.4782938880681383,0.5438775580354249,1.35487164623035,-1.2157768674919593,-0.15181665644081674,-1.323835538470496,0.8043751795317001,0.0,1.0345171933538464,1,1
0.6363846940502346,-1.8386491320071456,-0.7544768898779194,0.028140022182875413,-0.09544334663222791,-1.323835538470496,-0.017358309587546885,0.0,0.33925438000967456,1,1
1.6413131268875052,0.5438775580354249,-1.4035072086804639,1.27205691185771,-1.0537896133782383,1.317949812752262,0.2943337035266503,0.0,-1.2509000987994128,0,0
-0.2245310220342042,-1.8386491320071456,-0.186575360925693,1.27205691185771,-1.44840278203836,1.317949812752262,-1.2641263620443355,0.0,-1.2472110432208394,0,0
-0.1663579462466416,0.5438775580354249,1.436000436080668,-1.2157768674919593,0.6937829906880159,0.4373546956780092,0.4643475288616669,0.0,-0.8467987490654457,2,1
0.11282701196217221,0.5438775580354249,0.7058413274278056,-1.2157768674919593,-0.6028031349095275,-0.4432404213962434,0.32266934108248635,0.0,-0.16981736936915248,1,1
-0.9112023441848731,-1.8386491320071456,1.0303564868290778,0.028140022182875413,0.7501563004966046,-0.4432404213962434,-0.314882503923826,0.0,-0.3737061718596027,2,1
-1.036847026771711,-1.8386491320071456,1.436000436080668,0.028140022182875413,-0.7155497545267051,-1.323835538470496,-0.584071060704269,0.0,1.633588074491692,0,1
0.7678466842158287,0.5438775580354249,0.5435837477271694,1.27205691185771,-1.2792828526125937,1.317949812752262,-0.04569394714338299,0.0,0.10003154206088333,0,0
-0.13026315591546112,0.5438775580354249,0.6247125375774875,-1.2157768674919593,1.2575160887739043,-1.323835538470496,-0.04569394714338299,0.0,1.1514200621532726,2,1
-0.8687863849885873,0.5438775580354249,1.436000436080668,1.27205691185771,1.032022849539549,-1.323835538470496,-1.0091056240418106,0.0,2.383326539228273,2,1
-0.6327960806913259,0.5438775580354249,0.6247125375774875,1.27205691185771,-0.6591764447181163,-1.323835538470496,2.5045134328818666,0.0,-1.1140056720450389,1,1
-0.16264769495625375,0.5438775580354249,-0.024317781225056893,-1.2157768674919593,-0.9974163035696494,1.317949812752262,2.2211570573235058,0.0,-1.0023637395495457,0,0
-0.020742034491790316,-1.8386491320071456,1.436000436080668,-1.2157768674919593,-1.0537896133782383,1.317949812752262,0.747703904420028,0.0,-0.9001735719368377,0,0
0.8093465319823888,0.5438775580354249,0.7058413274278056,0.028140022182875413,-0.3773098956751721,-1.323835538470496,1.583605212317193,0.0,0.3244904774963973,1,1
-0.3599322913476174,0.5438775580354249,0.5435837477271694,-1.2157768674919593,0.8065296103051935,0.4373546956780092,-0.853259617484712,0.0,-1.0147288599135356,2,1
-0.09087036443726922,0.5438775580354249,1.517129225930986,1.27205691185771,0.24279651221930512,-1.323835538470496,-0.05986176592130104,0.0,2.283729718805776,1,1
0.4158766729153323,-1.8386491320071456,-1.2412496289798276,1.27205691185771,-1.110162923186827,1.317949812752262,2.1644857822118335,0.0,-0.9474221560854497,0,0
1.1948004160393482,0.5438775580354249,0.6247125375774875,-1.2157768674919593,-0.771923064335294,-1.323835538470496,-1.3491332747118439,0.0,1.5885206668544918,0,1
-1.0104172120241333,0.5438775580354249,1.517129225930986,0.028140022182875413,0.41191644164507163,-1.323835538470496,-0.6124066982601051,0.0,-1.256417041736141,1,1
-0.963329084536248,0.5438775580354249,1.273742856380032,-1.2157768674919593,-0.15181665644081674,-0.4432404213962434,-1.2074550869326632,0.0,-0.16197332614031912,1,1
-0.2261342170362236,0.5438775580354249,0.21906858832589726,-1.2157768674919593,0.4682897514536605,-1.323835538470496,-1.5191471000468604,0.0,-0.8734720801363379,1,1
-0.2617251460810552,0.5438775580354249,-0.42996173047664715,-1.2157768674919593,-0.09544334663222791,-0.4432404213962434,2.348667426324768,0.0,0.6332677575092133,1,1
0.23384533182889652,-1.8386491320071456,0.38132616802653335,1.27205691185771,0.97564953973096,0.4373546956780092,-0.4140572353692524,0.0,-0.6306113879355322,2,1
-1.084576432260404,0.5438775580354249,0.05681100862526116,-1.2157768674919593,-0.9974163035696494,1.317949812752262,0.3510049786383225,0.0,-1.1918649692769274,0,0
-0.09284000401117884,0.5438775580354249,1.0303564868290778,-1.2157768674919593,1.9339958064769704,0.4373546956780092,-0.1023652222550552,0.0,-0.4126934219679258,2,1
-1.1749966303743002,0.5438775580354249,-1.4035072086804639,-1.2157768674919593,-0.32093658586658325,-0.4432404213962434,0.23766242841497806,0.0,0.5268022791288316,1,1
-1.1110520525794676,0.5438775580354249,0.7869701172781236,-1.2157768674919593,-1.2229095428040047,1.317949812752262,-0.5415676043705149,0.0,-0.8968685263074565,0,0
-0.11216995517838464,-1.8386491320071456,-1.6468935782314178,0.028140022182875413,-0.6591764447181163,-0.4432404213962434,0.4785153476395849,0.0,-0.23413391572619494,1,1
0.2780019027416604,0.5438775580354249,0.21906858832589726,1.27205691185771,-0.03907003682363907,-0.4432404213962434,-0.21570777247839962,0.0,0.2910457709880822,1,1
-0.8344322063738849,0.5438775580354249,-0.42996173047664715,-1.2157768674919593,-0.09544334663222791,-0.4432404213962434,2.320331788768932,0.0,-0.4227852034326976,1,1
-0.8786803884296216,-1.8386491320071456,-1.5657647883811,1.27205691185771,-0.8846696839524717,-1.323835538470496,-0.7399170672613675,0.0,1.314434845651702,0,1
-1.1744011579449787,0.5438775580354249,-0.26770415077601106,0.028140022182875413,-0.6028031349095275,-0.4432404213962434,0.747703904420028,0.0,0.9137947055931208,1,1
0.4914558658676773,0.5438775580354249,-0.6733481000276013,-1.2157768674919593,1.032022849539549,-1.323835538470496,-0.8249239799288759,0.0,0.7929006933884232,2,1
-0.15655555394857995,0.5438775580354249,-0.8356056797282374,1.27205691185771,-0.32093658586658325,-1.323835538470496,-0.44239287292508844,0.0,2.397647550266815,1,1
1.7470323858778158,0.5438775580354249,0.7869701172781236,0.028140022182875413,0.1864232024107163,-0.4432404213962434,-0.7824205235951217,0.0,0.15231577667656926,1,1
-0.07158621884154964,0.5438775580354249,0.6247125375774875,-1.2157768674919593,-0.771923064335294,-0.4432404213962434,-0.1590364973667274,0.0,-0.9932934245496255,0,0
-0.39245424710286886,0.5438775580354249,0.4624549578768514,1.27205691185771,0.35554313183648284,0.4373546956780092,-1.094112536709319,0.0,0.26258295355395406,1,1
-1.0040044320160555,-1.8386491320071456,1.35487164623035,1.27205691185771,-0.9974163035696494,1.317949812752262,-0.14486867858880936,0.0,-1.2004232710112583,0,0
-1.0584214509417438,0.5438775580354249,0.05681100862526116,1.27205691185771,1.313889398582493,0.4373546956780092,-1.4341401873793522,0.0,-0.19693871204743557,2,1
2.4412616273237187,0.5438775580354249,-0.3488329406263291,-1.2157768674919593,-0.26456327605799446,-1.323835538470496,-0.3573859602575801,0.0,2.2649618725555887,1,1
2.519909793565644,0.5438775580354249,1.436000436080668,1.27205691185771,-1.110162923186827,1.317949812752262,-1.5333149188247785,0.0,-1.2796778043918786,0,0
1.071766651027228,0.5438775580354249,-0.26770415077601106,-1.2157768674919593,-1.0537896133782383,-0.4432404213962434,-0.0740295846992191,0.0,0.9225091713734567,0,1
0.2493734205627419,0.5438775580354249,-1.6468935782314178,0.028140022182875413,0.24279651221930512,-1.323835538470496,1.1160671926458974,0.0,-1.2710350204687253,1,1
-0.7869776343141096,0.5438775580354249,1.1926140665297138,-1.2157768674919593,0.35554313183648284,0.4373546956780092,-1.0091056240418106,0.0,-0.12883326752502974,1,1
0.23320405382808881,0.5438775580354249,-0.8356056797282374,0.028140022182875413,1.0883961593481377,-1.323835538470496,-0.7965883423730398,0.0,-1.0340701610211844,2,1
0.35193209512049994,0.5438775580354249,-0.6733481000276013,1.27205691185771,-0.4900565152923498,-0.4432404213962434,-0.7257492484834495,0.0,1.0591680720256593,1,1
0.5278712951992617,0.5438775580354249,-0.5110905203269652,0.028140022182875413,1.2011427789653155,-1.323835538470496,-0.7965883423730398,0.0,2.106916177799706,2,1
1.1270997813826416,-1.8386491320071456,-0.5922193101772832,1.27205691185771,-1.0537896133782383,1.317949812752262,0.30850152230456834,0.0,-1.2184819788886048,0,0
-0.7009547710628952,0.5438775580354249,0.5435837477271694,-1.2157768674919593,-0.4900565152923498,-1.323835538470496,-1.2074550869326632,0.0,0.49763032332186197,1,1
-0.8584343258326903,0.5438775580354249,-0.186575360925693,-1.2157768674919593,-0.8282963741438828,-0.4432404213962434,0.6060257166408474,0.0,1.0703734823430886,0,1
-0.6707688994534434,-1.8386491320071456,1.1926140665297138,-1.2157768674919593,0.6374096808794271,-1.323835538470496,-0.8107561611509578,0.0,0.905891780838745,2,1
-0.023078118637590028,0.5438775580354249,0.13793979847557922,-1.2157768674919593,0.97564953973096,-1.323835538470496,-0.2440434100342357,0.0,1.714181522561829,2,1
0.3537643179799506,0.5438775580354249,0.4624549578768514,0.028140022182875413,0.8065296103051935,-0.4432404213962434,1.1444028302017335,0.0,0.5647450221753518,2,1
-0.9362579917878626,0.5438775580354249,0.9492276969787597,1.27205691185771,-0.9974163035696494,1.317949812752262,-0.4565606917030065,0.0,-0.49743673755566703,0,0
-0.5289090445604662,0.5438775580354249,-0.9167344695785554,1.27205691185771,0.07367658279353861,-0.4432404213962434,-0.598238879482187,0.0,-1.0447737983383358,1,1
-0.2067584602975316,-1.8386491320071456,-1.2412496289798276,1.27205691185771,0.299169822027894,-1.323835538470496,1.2152419240913237,0.0,1.836071400568099,1,1
0.23540272125942985,0.5438775580354249,-0.186575360925693,-1.2157768674919593,0.8629029201137823,0.4373546956780092,-1.3633010934897618,0.0,-0.24325287198634638,2,1
-0.6661425367333302,0.5438775580354249,-1.2412496289798276,0.028140022182875413,-1.3356561624211825,1.317949812752262,0.8752142734212904,0.0,-0.9975815356489387,0,0
1.9176581396641703,0.5438775580354249,-1.3223784188301457,-1.2157768674919593,0.9192762299223712,0.4373546956780092,0.5635222603070933,0.0,-0.8212211263829153,2,1
0.17301553289513052,0.5438775580354249,0.6247125375774875,0.028140022182875413,0.8629029201137823,0.4373546956780092,-0.6407423358159412,0.0,0.5823582785116355,2,1
-0.6889537113334925,-1.8386491320071456,0.7869701172781236,-1.2157768674919593,0.41191644164507163,-0.4432404213962434,0.6343613541966835,0.0,1.1014194067021166,1,1
0.5711117546823002,0.5438775580354249,1.436000436080668,1.27205691185771,-0.4900565152923498,-1.323835538470496,-0.5699032419263509,0.0,0.17872030078302703,1,1
-1.150536455200632,0.5438775580354249,-0.5922193101772832,0.028140022182875413,-0.26456327605799446,-0.4432404213962434,-1.2216229057105814,0.0,0.08546220458853017,1,1
-0.2187137144554479,0.5438775580354249,1.5982580157813042,-1.2157768674919593,0.1864232024107163,-1.323835538470496,1.1869062865354876,0.0,1.0240260415419142,1,1
1.2137181170631774,0.5438775580354249,1.5982580157813042,-1.2157768674919593,0.13004989260212746,-0.4432404213962434,-1.2074550869326632,0.0,-0.08956441012063227,1,1
1.5185541953043025,0.5438775580354249,-1.3223784188301457,1.27205691185771,-0.6591764447181163,-0.4432404213962434,0.20932679085914196,0.0,0.8535717052944675,1,1
-0.5046320916727434,0.5438775580354249,-1.728022368081736,1.27205691185771,-1.3920294722297712,1.317949812752262,2.1786536009897515,0.0,-0.9039752704338407,0,0
-0.9138132617595904,0.5438775580354249,-1.6468935782314178,1.27205691185771,-0.9974163035696494,1.317949812752262,-0.5415676043705149,0.0,-1.0240705419442186,0,0
0.1737484220389107,0.5438775580354249,0.7058413274278056,1.27205691185771,1.8212491868597926,0.4373546956780092,-0.25821122881215375,0.0,-0.7241510914261035,2,1
-0.43170962186660194,0.5438775580354249,-0.42996173047664715,0.028140022182875413,1.0883961593481377,0.4373546956780092,-1.419972368601434,0.0,0.51304192261611,2,1
-0.9192641247664565,0.5438775580354249,0.38132616802653335,0.028140022182875413,-0.771923064335294,-1.323835538470496,-0.598238879482187,0.0,2.090321827861946,0,1
1.2262688436504154,0.5438775580354249,-0.7544768898779194,-1.2157768674919593,-0.32093658586658325,-1.323835538470496,0.7902073607537821,0.0,0.8171573218457323,1,1
1.2759678887130181,0.5438775580354249,1.1926140665297138,0.028140022182875413,-1.2229095428040047,1.317949812752262,-0.1307008598108913,0.0,-1.1389663187425336,0,0
-0.9161035403339038,0.5438775580354249,0.9492276969787597,-1.2157768674919593,0.01730327298494977,-0.4432404213962434,0.9318855485329626,0.0,0.7365229127143479,1,1
-0.6082442943746853,-1.8386491320071456,-1.728022368081736,0.028140022182875413,0.9192762299223712,-1.323835538470496,1.4277592057600945,0.0,0.4886470505770917,2,1
2.5012211203992463,0.5438775580354249,-1.2412496289798276,-1.2157768674919593,-1.44840278203836,1.317949812752262,0.7902073607537821,0.0,-0.800579311580669,0,0
-0.29168198983307553,0.5438775580354249,-1.3223784188301457,-1.2157768674919593,1.0883961593481377,0.4373546956780092,-0.14486867858880936,0.0,-0.7158590365898793,2,1
1.3040008984626152,-1.8386491320071456,-0.42996173047664715,0.028140022182875413,0.1864232024107163,-0.4432404213962434,0.5918578978629294,0.0,0.2525321331504294,1,1
-1.0840725709740548,0.5438775580354249,1.111485276679396,-1.2157768674919593,1.8212491868597926,0.4373546956780092,-0.47072851048092457,0.0,-0.31525729752621745,2,1
-1.0116539624542624,-1.8386491320071456,0.38132616802653335,0.028140022182875413,-0.26456327605799446,-1.323835538470496,0.1951589720812239,0.0,1.5479512957554968,1,1
0.07512902662897217,0.5438775580354249,-0.5922193101772832,0.028140022182875413,0.35554313183648284,0.4373546956780092,0.7618717231979459,0.0,-0.7420613154564291,1,1
1.8625082315947017,0.5438775580354249,-1.728022368081736,-1.2157768674919593,1.2575160887739043,0.4373546956780092,0.3935084349720766,0.0,0.20390367325105344,2,1
0.39860797246500873,0.5438775580354249,-1.3223784188301457,0.028140022182875413,0.6937829906880159,-0.4432404213962434,-0.6974136109276134,0.0,-0.4664855356507733,2,1
-0.8309509829409285,0.5438775580354249,-0.5922193101772832,-1.2157768674919593,1.8212491868597926,0.4373546956780092,2.079478869544325,0.0,-0.9367159587019703,2,1
-0.7789158537325261,0.5438775580354249,-0.6733481000276013,0.028140022182875413,-0.6591764447181163,-1.323835538470496,0.6626969917525196,0.0,0.9458313756210648,1,1
-1.1118765528662207,0.5438775580354249,-0.024317781225056893,0.028140022182875413,0.01730327298494977,-0.4432404213962434,-0.6549101545938593,0.0,0.4732021704205802,1,1
-0.8863757244393149,-1.8386491320071456,-0.024317781225056893,0.028140022182875413,-1.2229095428040047,1.317949812752262,0.06764860307996143,0.0,-1.1029999469011895,0,0
1.6005919738362115,0.5438775580354249,-0.024317781225056893,0.028140022182875413,-0.8846696839524717,-1.323835538470496,-1.094112536709319,0.0,1.1694301287703883,0,1
-1.1559873182074982,0.5438775580354249,-1.4846359985307818,0.028140022182875413,-0.9974163035696494,1.317949812752262,0.18099115330330584,0.0,-0.9521045173992668,0,0
0.3749264920066072,0.5438775580354249,1.5982580157813042,0.028140022182875413,-1.5047760918469488,1.317949812752262,0.7052004480862738,0.0,-1.0145342948726115,0,0
-0.728804558526547,0.5438775580354249,1.0303564868290778,0.028140022182875413,1.3702627083910819,-1.323835538470496,0.5210188039733391,0.0,0.7128243787165315,2,1
-1.04999322578827,-1.8386491320071456,-0.6733481000276013,-1.2157768674919593,0.5246630612622494,0.4373546956780092,-1.3207976371560077,0.0,-0.36382943596637857,1,1
0.12519451626346498,0.5438775580354249,0.05681100862526116,-1.2157768674919593,0.35554313183648284,0.4373546956780092,0.9885568236446348,0.0,-0.4150512430559661,1,1
-0.8273781483649996,0.5438775580354249,-0.10544657107537495,0.028140022182875413,-1.2792828526125937,1.317949812752262,-0.7115814297055314,0.0,-1.1356151919192494,0,0
1.5009190502820886,0.5438775580354249,-0.9167344695785554,-1.2157768674919593,1.652129257434026,0.4373546956780092,-0.6124066982601051,0.0,-0.4726527354348005,2,1
0.8031627798317426,0.5438775580354249,-0.186575360925693,0.028140022182875413,-1.5047760918469488,1.317949812752262,0.6060257166408474,0.0,-1.1320566997234016,0,0
-0.5601484443141022,0.5438775580354249,1.35487164623035,1.27205691185771,0.8065296103051935,-1.323835538470496,0.6485291729746016,0.0,2.4964763507909273,2,1
-0.8940252548775219,0.5438775580354249,1.0303564868290778,-1.2157768674919593,-1.0537896133782383,1.317949812752262,-0.47072851048092457,0.0,0.1547785604840554,0,0
-1.1198925278763177,0.5438775580354249,-0.5922193101772832,0.028140022182875413,-1.110162923186827,1.317949812752262,-1.37746891226768,0.0,-0.8330358324863962,0,0
-0.19965859671715971,0.5438775580354249,1.273742856380032,0.028140022182875413,-1.110162923186827,1.317949812752262,-0.7965883423730398,0.0,-1.1323229466215081,0,0
-1.0164635474603207,0.5438775580354249,-1.0789920492791916,0.028140022182875413,-0.771923064335294,-0.4432404213962434,-0.6690779733717773,0.0,-0.5863683216559316,0,0
0.36113901498924006,0.5438775580354249,1.517129225930986,1.27205691185771,-1.1665362329954159,1.317949812752262,0.32266934108248635,0.0,-1.0014625962021082,0,0
0.7655106000700288,0.5438775580354249,1.1926140665297138,-1.2157768674919593,-0.09544334663222791,-1.323835538470496,-0.6265745170380231,0.0,0.8380551432807732,1,1
-0.1649837791020536,0.5438775580354249,-0.024317781225056893,0.028140022182875413,-0.15181665644081674,-0.4432404213962434,-1.2499585432664175,0.0,-0.20549189364911047,1,1
0.6837934605385237,0.5438775580354249,-0.5110905203269652,-1.2157768674919593,-0.15181665644081674,-1.323835538470496,-0.18737213492256352,0.0,1.3826196522302745,1,1
0.7832373562352152,0.5438775580354249,0.7869701172781236,-1.2157768674919593,0.13004989260212746,-0.4432404213962434,-1.2782941808222534,0.0,-0.4627964800722,1,1
-1.0761482071069302,0.5438775580354249,0.7869701172781236,-1.2157768674919593,-0.9410429937610605,1.317949812752262,-1.2641263620443355,0.0,-1.036453582772504,0,0
0.6268113296096043,0.5438775580354249,1.1926140665297138,-1.2157768674919593,0.5810363710708382,-1.323835538470496,0.30850152230456834,0.0,1.2890108269488483,1,1
0.11484245710756806,0.5438775580354249,-0.9167344695785554,0.028140022182875413,-1.110162923186827,1.317949812752262,2.1219823258780792,0.0,-1.2481045063692935,0,0
-0.07781577656368238,0.5438775580354249,1.517129225930986,-1.2157768674919593,1.4266360181996707,0.4373546956780092,-0.9807699864859745,0.0,-0.9275586014468995,2,1
-0.08702269643242255,0.5438775580354249,0.38132616802653335,0.028140022182875413,-1.0537896133782383,1.317949812752262,-1.4624758249351881,0.0,0.9809094044466107,0,0
0.9273416841310198,-1.8386491320071456,-0.26770415077601106,1.27205691185771,1.0883961593481377,0.4373546956780092,-0.14486867858880936,0.0,-1.048268288875985,2,1
-0.2764287345281477,0.5438775580354249,0.5435837477271694,0.028140022182875413,-0.20818996624940558,-0.4432404213962434,-0.7682527048172036,0.0,0.6184475335367213,1,1
0.4032343351851219,0.5438775580354249,-0.5110905203269652,0.028140022182875413,0.7501563004966046,0.4373546956780092,-1.3349654559339257,0.0,0.6007523550779431,2,1
-0.5827305910568331,-1.8386491320071456,1.35487164623035,-1.2157768674919593,-1.2229095428040047,1.317949812752262,0.06764860307996143,0.0,-1.1470458880735384,0,0
-1.100745798995057,0.5438775580354249,-0.5110905203269652,-1.2157768674919593,-1.3356561624211825,1.317949812752262,1.4277592057600945,0.0,-1.1246017865764164,0,0
0.09244353265078199,-1.8386491320071456,-0.9167344695785554,-1.2157768674919593,0.07367658279353861,-1.323835538470496,1.5269339372055208,0.0,0.892328549433275,1,1
-1.1168235545867375,0.5438775580354249,-1.3223784188301457,0.028140022182875413,0.35554313183648284,-1.323835538470496,-1.094112536709319,0.0,0.2497698215825733,1,1
-0.26483992494212144,0.5438775580354249,0.05681100862526116,-1.2157768674919593,-1.2792828526125937,1.317949812752262,0.9318855485329626,0.0,-1.1026671382785562,0,0
1.9589289595732993,0.5438775580354249,-0.6733481000276013,0.028140022182875413,-0.8846696839524717,-1.323835538470496,-0.6124066982601051,0.0,0.29640910994513364,0,1
-0.9661232243969103,0.5438775580354249,0.38132616802653335,-1.2157768674919593,-1.0537896133782383,1.317949812752262,-1.3633010934897618,0.0,-1.1664307103087619,0,0
2.31268538816176,0.5438775580354249,-1.0789920492791916,-1.2157768674919593,-1.44840278203836,1.317949812752262,-1.3066298183780896,0.0,-1.2671129988543088,0,0
0.3414426192501441,0.5438775580354249,0.21906858832589726,-1.2157768674919593,-0.15181665644081674,-0.4432404213962434,0.039312965524125325,0.0,-1.089631280536644,1,1
1.5846974405304757,0.5438775580354249,-1.4846359985307818,0.028140022182875413,0.8629029201137823,0.4373546956780092,0.7618717231979459,0.0,0.5931361577522972,2,1
-0.8827570842918996,-1.8386491320071456,-0.42996173047664715,0.028140022182875413,0.6937829906880159,-1.323835538470496,1.4560948433159306,0.0,-1.042387816520688,2,1
-0.7429584801158046,-1.8386491320071456,0.4624549578768514,-1.2157768674919593,-0.9410429937610605,1.317949812752262,0.3510049786383225,0.0,-1.1556272304048205,0,0
-0.46391093862144955,-1.8386491320071456,-1.5657647883811,0.028140022182875413,-1.44840278203836,1.317949812752262,-0.7824205235951217,0.0,-1.2726145813930694,0,0
0.20407171036282123,-1.8386491320071456,-0.9167344695785554,1.27205691185771,0.13004989260212746,-1.323835538470496,-0.21570777247839962,0.0,1.3946647643032706,1,1
-0.5520866637325187,0.5438775580354249,0.38132616802653335,1.27205691185771,1.652129257434026,0.4373546956780092,-0.7682527048172036,0.0,-0.18326539778986428,2,1
-1.1563537627793885,0.5438775580354249,0.7058413274278056,-1.2157768674919593,-1.0537896133782383,1.317949812752262,-0.7965883423730398,0.0,-0.9398520399537069,0,0
0.7897417473862656,0.5438775580354249,1.436000436080668,1.27205691185771,-0.8846696839524717,-0.4432404213962434,-0.17320431614464546,0.0,-0.020770307756008237,0,0
-0.5418720212910806,-1.8386491320071456,-1.5657647883811,0.028140022182875413,0.8629029201137823,-0.4432404213962434,-0.3715537790354982,0.0,0.8125543225880816,2,1
-1.025166606042712,0.5438775580354249,1.6793868056316221,0.028140022182875413,-1.3356561624211825,1.317949812752262,-1.2924619996001716,0.0,-1.066250194763493,0,0
-0.8265536480782467,0.5438775580354249,1.0303564868290778,1.27205691185771,-0.8282963741438828,-1.323835538470496,-0.5557354231484328,0.0,1.659821074154177,0,1
-1.060482701658626,0.5438775580354249,0.5435837477271694,-1.2157768674919593,-1.44840278203836,1.317949812752262,-1.3349654559339257,0.0,-0.8853917489592648,0,0
0.33928975739028955,0.5438775580354249,-0.26770415077601106,-1.2157768674919593,-0.4900565152923498,-0.4432404213962434,-1.2924619996001716,0.0,0.35342690720119596,1,1
-0.4731178584901897,0.5438775580354249,-0.9167344695785554,1.27205691185771,-0.43368320548376094,-1.323835538470496,-1.4624758249351881,0.0,0.1328925534464263,1,1
-0.17968736754914608,0.5438775580354249,0.6247125375774875,1.27205691185771,-0.9974163035696494,1.317949812752262,0.010977327968289218,0.0,-0.880589064528034,0,0
-0.5732488377591753,-1.8386491320071456,-0.9167344695785554,0.028140022182875413,0.4682897514536605,-0.4432404213962434,-0.853259617484712,0.0,-0.5484639796043306,1,1
-0.8627400495523997,0.5438775580354249,0.38132616802653335,1.27205691185771,1.2575160887739043,0.4373546956780092,-0.9949378052638925,0.0,0.40513000676043776,2,1
0.9792393966249633,0.5438775580354249,1.517129225930986,0.028140022182875413,0.6937829906880159,-1.323835538470496,0.11015205941371559,0.0,1.886719752800226,2,1
0.5886552885615417,0.5438775580354249,0.21906858832589726,0.028140022182875413,-0.3773098956751721,-1.323835538470496,2.1219823258780792,0.0,0.021329983007099824,1,1
0.08717589192986108,0.5438775580354249,1.436000436080668,-1.2157768674919593,-1.110162923186827,1.317949812752262,-0.1023652222550552,0.0,-0.8712499425636789,0,0
-0.7599065415657242,-1.8386491320071456,-1.1601208391295097,-1.2157768674919593,1.032022849539549,0.4373546956780092,-0.8957630738184661,0.0,-0.3084193603642678,2,1
-0.2317224967575485,0.5438775580354249,-1.4846359985307818,-1.2157768674919593,1.652129257434026,0.4373546956780092,-0.8957630738184661,0.0,-0.3711435454653265,2,1
-0.6416365559881759,0.5438775580354249,0.7058413274278056,-1.2157768674919593,0.35554313183648284,-0.4432404213962434,1.31441665553675,0.0,-0.15882188449061477,1,1
-0.7573414295624932,0.5438775580354249,0.6247125375774875,-1.2157768674919593,0.13004989260212746,-1.323835538470496,-0.598238879482187,0.0,-1.1349162938117197,1,1
1.0648500097328013,0.5438775580354249,-0.024317781225056893,0.028140022182875413,-0.09544334663222791,-0.4432404213962434,-1.1791194493768271,0.0,0.1265717496827223,1,1
0.7221327238725315,-1.8386491320071456,0.7869701172781236,1.27205691185771,0.7501563004966046,-1.323835538470496,-0.1590364973667274,0.0,1.947895097772876,2,1
-1.0464661967838274,0.5438775580354249,1.517129225930986,0.028140022182875413,0.01730327298494977,-1.323835538470496,1.9944719568768168,0.0,0.970728020660361,1,1
0.9125006789694683,0.5438775580354249,-0.8356056797282374,0.028140022182875413,1.313889398582493,-1.323835538470496,-1.405804549823516,0.0,1.696990677169657,2,1
-0.9252646546311578,0.5438775580354249,-0.26770415077601106,1.27205691185771,0.41191644164507163,0.4373546956780092,0.06764860307996143,0.0,-0.41096793726288866,1,1
-1.0394121387749418,-1.8386491320071456,-0.9167344695785554,1.27205691185771,1.313889398582493,-1.323835538470496,-0.7965883423730398,0.0,0.705092978406128,2,1
-0.5669734744655563,0.5438775580354249,-0.186575360925693,1.27205691185771,-0.5464298251009386,-0.4432404213962434,0.3368371598604044,0.0,0.9581376144595117,1,1
0.9687041151831212,0.5438775580354249,-0.5922193101772832,1.27205691185771,1.3702627083910819,0.4373546956780092,0.4643475288616669,0.0,-0.1000402015345963,2,1
-0.051385961816104726,0.5438775580354249,1.111485276679396,0.028140022182875413,-1.2229095428040047,1.317949812752262,0.11015205941371559,0.0,-0.8245952938031511,0,0
-0.7935278310366463,0.5438775580354249,1.35487164623035,-1.2157768674919593,0.13004989260212746,-1.323835538470496,1.031060279978389,0.0,2.252455948543561,1,1
0.3407097301063639,-1.8386491320071456,0.5435837477271694,0.028140022182875413,0.9192762299223712,-1.323835538470496,0.5918578978629294,0.0,1.923233978835751,2,1
-0.9131261781872964,-1.8386491320071456,-0.8356056797282374,1.27205691185771,-1.1665362329954159,1.317949812752262,0.8185429983096182,0.0,-1.1099582071805527,0,0
-0.4547498243241956,0.5438775580354249,-0.42996173047664715,0.028140022182875413,-0.09544334663222791,-1.323835538470496,0.5635222603070933,0.0,0.6247452967034737,1,1
-0.12156009733306986,0.5438775580354249,-1.1601208391295097,1.27205691185771,0.07367658279353861,-0.4432404213962434,-1.3491332747118439,0.0,0.8335750272068639,1,1
0.22482163424610155,0.5438775580354249,-0.7544768898779194,-1.2157768674919593,1.5393826378168485,0.4373546956780092,-0.44239287292508844,0.0,-0.9357917747575809,2,1
-0.6436061955620856,0.5438775580354249,-0.5922193101772832,0.028140022182875413,-0.9974163035696494,1.317949812752262,0.3510049786383225,0.0,-0.8716160320485755,0,0
1.2865489757263466,-1.8386491320071456,0.13793979847557922,1.27205691185771,-1.44840278203836,1.317949812752262,0.7902073607537821,0.0,-0.843473222905441,0,0
1.2886560320147147,-1.8386491320071456,1.6793868056316221,0.028140022182875413,-0.9974163035696494,-0.4432404213962434,1.8811294066534723,0.0,0.20665574455359775,0,0
-0.1713049479671588,0.5438775580354249,1.6793868056316221,1.27205691185771,-0.15181665644081674,-0.4432404213962434,-1.3633010934897618,0.0,-0.2287526563048477,1,1
-0.9072630650370538,0.5438775580354249,0.05681100862526116,1.27205691185771,-0.9974163035696494,-0.4432404213962434,1.0168924612004708,0.0,0.5532016831026334,0,1
2.120439404633886,0.5438775580354249,1.273742856380032,0.028140022182875413,-1.44840278203836,1.317949812752262,1.0027246424225529,0.0,-1.1290639821860302,0,0
-0.42882387086296697,0.5438775580354249,0.21906858832589726,1.27205691185771,-1.0537896133782383,1.317949812752262,1.3852557494263402,0.0,-0.8480327010355168,0,0
0.15748744416128516,-1.8386491320071456,-1.4846359985307818,1.27205691185771,-0.20818996624940558,-0.4432404213962434,-0.2723790475900718,0.0,-0.36434400929829613,1,1
-0.9175693186214645,0.5438775580354249,0.6247125375774875,-1.2157768674919593,-0.15181665644081674,-0.4432404213962434,0.4643475288616669,0.0,0.4634713583080491,1,1
-0.2795893189607003,0.5438775580354249,0.9492276969787597,1.27205691185771,-0.32093658586658325,-1.323835538470496,0.9460533673108806,0.0,1.7733241748700885,1,1
-0.8706644134195244,-1.8386491320071456,-1.5657647883811,0.028140022182875413,-0.4900565152923498,-1.323835538470496,-1.0657768991534828,0.0,-1.2585521370536499,1,1
-0.6863885993302614,0.5438775580354249,0.6247125375774875,0.028140022182875413,-0.3773098956751721,-0.4432404213962434,0.4643475288616669,0.0,0.17167499824851348,1,1
-0.6858847380439125,-1.8386491320071456,0.7058413274278056,1.27205691185771,-1.110162923186827,1.317949812752262,0.7902073607537821,0.0,-1.2562275968278729,0,0
-0.09847408930398997,0.5438775580354249,1.6793868056316221,0.028140022182875413,-1.0537896133782383,1.317949812752262,-0.7257492484834495,0.0,-1.1607294425964214,0,0
-0.7809312988779221,-1.8386491320071456,-0.42996173047664715,0.028140022182875413,0.41191644164507163,0.4373546956780092,-1.3491332747118439,0.0,-0.908908518247797,1,1
0.3717201020025684,0.5438775580354249,-1.1601208391295097,-1.2157768674919593,1.4266360181996707,-1.323835538470496,-0.05986176592130104,0.0,1.0081075491147322,2,1
1.4671145385252216,-1.8386491320071456,1.35487164623035,0.028140022182875413,-0.26456327605799446,-0.4432404213962434,-0.7540848860392856,0.0,0.39417292287681943,1,1
-0.19929215214526952,0.5438775580354249,0.6247125375774875,-1.2157768674919593,0.41191644164507163,0.4373546956780092,0.5918578978629294,0.0,0.07670677774694715,1,1
2.8723836661524893,-1.8386491320071456,1.517129225930986,1.27205691185771,0.4682897514536605,0.4373546956780092,0.13848769696955168,0.0,-0.7061103040130525,1,1
-0.8567395196876983,-1.8386491320071456,0.4624549578768514,0.028140022182875413,-0.9974163035696494,1.317949812752262,0.26599806597081416,0.0,-1.2708276550961615,0,0
2.3457112052033606,0.5438775580354249,-0.42996173047664715,0.028140022182875413,1.0883961593481377,0.4373546956780092,-0.9382665301522203,0.0,0.4504098999028575,2,1
-0.35370273362548466,0.5438775580354249,1.517129225930986,1.27205691185771,-1.1665362329954159,1.317949812752262,-0.0031904908096288334,0.0,-1.201068407725901,0,0
0.7744426865098516,0.5438775580354249,-0.3488329406263291,-1.2157768674919593,-1.2229095428040047,1.317949812752262,-1.0232734428197285,0.0,-1.2076426580560722,0,0
0.029781510857565023,0.5438775580354249,-0.9167344695785554,-1.2157768674919593,1.0883961593481377,0.4373546956780092,-0.9099308925963842,0.0,-0.6886045704625428,2,1
-0.6587220341525545,-1.8386491320071456,1.517129225930986,1.27205691185771,-0.4900565152923498,-1.323835538470496,-1.5191471000468604,0.0,0.42377240976055647,1,1
-1.1259846688839916,0.5438775580354249,-1.5657647883811,1.27205691185771,-0.15181665644081674,-1.323835538470496,-1.094112536709319,0.0,0.7114035419045202,1,1
2.786498219615734,0.5438775580354249,-0.5110905203269652,0.028140022182875413,-1.1665362329954159,1.317949812752262,0.5918578978629294,0.0,1.0743799861463275,0,0
-0.48021772207056157,0.5438775580354249,-1.728022368081736,-1.2157768674919593,0.35554313183648284,-0.4432404213962434,-0.7965883423730398,0.0,0.6222543521663803,1,1
0.06207443875538521,0.5438775580354249,-0.3488329406263291,-1.2157768674919593,-1.110162923186827,1.317949812752262,-0.21570777247839962,0.0,-1.075653318386047,0,0
0.021124257846660114,-1.8386491320071456,0.5435837477271694,1.27205691185771,0.299169822027894,-0.4432404213962434,-0.32905032270174406,0.0,0.41855243451787,1,1
-0.7184983049421364,-1.8386491320071456,1.6793868056316221,1.27205691185771,1.5957559476254373,0.4373546956780092,0.4643475288616669,0.0,-0.5281012120318306,2,1
0.6589210352214793,0.5438775580354249,-0.186575360925693,1.27205691185771,-0.7155497545267051,-0.4432404213962434,-1.3207976371560077,0.0,1.0085427603904837,0,1
0.7082994412836782,0.5438775580354249,-0.6733481000276013,-1.2157768674919593,-1.0537896133782383,1.317949812752262,0.010977327968289218,0.0,-1.1018991183801718,0,0
-0.23914299933832422,0.5438775580354249,-0.186575360925693,1.27205691185771,0.41191644164507163,-0.4432404213962434,-0.38572159781341625,0.0,1.049296456265091,1,1
0.7545172629133241,0.5438775580354249,1.35487164623035,1.27205691185771,0.4682897514536605,-0.4432404213962434,0.3510049786383225,0.0,0.7519063512789886,1,1
-0.2906742672603776,0.5438775580354249,0.05681100862526116,-1.2157768674919593,-1.5047760918469488,1.317949812752262,2.348667426324768,0.0,-1.028896266972401,0,0
0.5505908586564515,0.5438775580354249,-1.2412496289798276,-1.2157768674919593,-0.6028031349095275,-0.4432404213962434,-0.7824205235951217,0.0,-0.32972167227912474,1,1
-0.9286542669211418,-1.8386491320071456,-1.4035072086804639,0.028140022182875413,-0.9410429937610605,-0.4432404213962434,-1.4483080061572702,0.0,-1.0649624814005352,0,0
-1.0935543242717127,0.5438775580354249,-0.024317781225056893,-1.2157768674919593,0.6937829906880159,0.4373546956780092,-0.7540848860392856,0.0,0.3516323007053042,2,1
0.6952448534100911,-1.8386491320071456,-0.6733481000276013,1.27205691185771,0.1864232024107163,-0.4432404213962434,0.5635222603070933,0.0,-0.6662142303583078,1,1
-0.4339540948694292,0.5438775580354249,-1.4846359985307818,0.028140022182875413,1.0883961593481377,-1.323835538470496,1.4419270245380125,0.0,1.1463792915535425,2,1
-0.4192505064223366,0.5438775580354249,-1.4035072086804639,-1.2157768674919593,0.24279651221930512,-1.323835538470496,-1.2924619996001716,0.0,0.5749520066248813,1,1
2.748617011996589,0.5438775580354249,0.4624549578768514,0.028140022182875413,-0.4900565152923498,-0.4432404213962434,0.4360118913058308,0.0,0.890615865059878,1,1
0.06587630118874578,-1.8386491320071456,-0.024317781225056893,-1.2157768674919593,0.01730327298494977,-1.323835538470496,-0.4565606917030065,0.0,0.4511369587399948,1,1
0.23288341482768496,-1.8386491320071456,-0.8356056797282374,1.27205691185771,1.708502567242615,0.4373546956780092,0.6060257166408474,0.0,-0.7803010261969913,2,1
0.41835017377559097,0.5438775580354249,-0.7544768898779194,-1.2157768674919593,-1.3356561624211825,1.317949812752262,0.8752142734212904,0.0,-0.8225421206081365,0,0
1.3784807576992897,-1.8386491320071456,0.7869701172781236,0.028140022182875413,-1.0537896133782383,1.317949812752262,-0.2440434100342357,0.0,-0.9757262494072448,0,0
0.3149669989310803,0.5438775580354249,-0.9978632594288736,-1.2157768674919593,1.3702627083910819,-1.323835538470496,-0.44239287292508844,0.0,2.221187298414002,2,1
-0.09622961630116271,-1.8386491320071456,0.05681100862526116,1.27205691185771,0.4682897514536605,-0.4432404213962434,0.7052004480862738,0.0,-0.2509023501742556,1,1
1.5880870528204598,0.5438775580354249,-1.728022368081736,1.27205691185771,-0.03907003682363907,-1.323835538470496,-1.3207976371560077,0.0,1.3867003979570236,1,1
0.06143316075457749,0.5438775580354249,1.517129225930986,-1.2157768674919593,-0.771923064335294,-0.4432404213962434,-1.094112536709319,0.0,0.08042655412145605,0,1
-0.6113132676642654,0.5438775580354249,1.0303564868290778,1.27205691185771,0.8065296103051935,-1.323835538470496,-1.1224481742651549,0.0,2.1611051017633858,2,1
1.4670687329537353,0.5438775580354249,1.5982580157813042,-1.2157768674919593,-0.32093658586658325,-0.4432404213962434,-0.7115814297055314,0.0,0.042258525238076335,1,1
-0.7539518172725092,0.5438775580354249,0.7058413274278056,0.028140022182875413,0.8629029201137823,-0.4432404213962434,-0.3715537790354982,0.0,0.4701992126178969,2,1
2.745456427564036,-1.8386491320071456,-1.1601208391295097,0.028140022182875413,-0.6591764447181163,-1.323835538470496,-0.14486867858880936,0.0,1.9430847331426615,1,1
-0.024269063496233128,0.5438775580354249,1.517129225930986,0.028140022182875413,0.1864232024107163,-1.323835538470496,0.8185429983096182,0.0,-1.2406239925590288,1,1
-1.0453210574966707,0.5438775580354249,1.1926140665297138,0.028140022182875413,0.6374096808794271,0.4373546956780092,0.3793406161941586,0.0,-0.43979428411558547,2,1
-0.3246161957317034,0.5438775580354249,-0.9167344695785554,1.27205691185771,-1.2229095428040047,1.317949812752262,-1.419972368601434,0.0,-0.850940936384066,0,0
-0.0630205769736172,-1.8386491320071456,-0.3488329406263291,1.27205691185771,-1.1665362329954159,1.317949812752262,-0.3715537790354982,0.0,-1.272240811709189,0,0
-1.1206712225915842,0.5438775580354249,0.4624549578768514,0.028140022182875413,1.7648758770512039,0.4373546956780092,-0.598238879482187,0.0,-0.04904368028186826,2,1
-0.1132234833225688,0.5438775580354249,0.6247125375774875,-1.2157768674919593,-0.43368320548376094,-0.4432404213962434,-0.9666021677080564,0.0,0.40680941027157164,1,1
-0.2666721478015723,-1.8386491320071456,1.517129225930986,0.028140022182875413,-0.9974163035696494,1.317949812752262,-0.4990641480367607,0.0,-0.9996398289766091,0,0
